-3.1364,-1.889,-0.26454999999999984
-3.0214499999999997,-1.6543999999999999,-0.23582500000000017
-3.1172500000000003,-1.8555000000000001,8.9567
-2.82755,-2.1475999999999997,9.138649999999998
-2.636,-2.1332,9.0597
-2.3846499999999997,0.0838000000000001,9.2584
-2.3583,-2.17875,-0.2777250000000002
-2.4204999999999997,-2.2170500000000004,-0.2562000000000002
-2.24575,-2.3343499999999997,-0.2442000000000002
-2.1859,-2.0662000000000003,-0.24780000000000024
-1.7262,-2.5857,-0.24899999999999967
-1.55385,-2.29125,-0.26817499999999983
-1.68075,-2.37745,-0.2525999999999997
-2.8563,-1.25935,-0.17955000000000032
-3.17235,-0.8858550000000001,-0.24899999999999967
-3.5458,-1.5777999999999999,-0.2741250000000002
-2.75335,-2.0207,-0.26335
-2.5210999999999997,-2.5737500000000004,8.736450000000001
-2.38705,-2.21465,-0.24540000000000006
-2.5235,0.690725,-0.2873000000000001
-2.6576,-1.16595,-0.2274500000000006
-3.6272,-1.74535,9.96705
-3.7708500000000003,-1.9344999999999999,-0.26090000000000035
-0.714675,0.7062999999999999,-9.47625
-3.5099,1.2246249999999999,-0.23107500000000014
-3.44285,-0.9385300000000001,-0.25617500000000026
0.13407499999999994,-1.94885,-0.25380000000000047
-3.5410000000000004,2.112875,-0.20799999999999974
-3.0669500000000003,-0.6320650000000001,-0.2561749999999998
-1.9057499999999998,-0.9121900000000001,-0.2609750000000002
-1.98,-1.3000500000000001,-0.24182499999999996
-1.86985,-1.4221499999999998,-0.21905000000000063
-1.9704000000000002,-1.75495,-0.2681499999999999
-1.79325,-2.0111499999999998,-0.21307500000000035
-1.3958,-2.2601500000000003,-0.2453249999999998
-1.57295,-2.0303,-0.21427499999999977
-1.8961999999999999,0.57341,-0.258575
-0.7900875,-0.33998,-0.22384999999999966
-1.8986,-1.0582500000000001,-8.9447
-1.2449499999999998,-0.378285,-8.8825
-1.4485000000000001,-0.605735,-0.2059000000000002
-1.154,0.23702499999999999,-0.23702500000000004
-1.25695,-0.191535,-0.22147499999999987
-1.1971,0.7805150000000001,-0.26100000000000056
-0.41658999999999996,0.4820333333333333,-0.2537750000000001
-0.69432,0.10055499999999999,-0.24055000000000026
-0.5905733333333334,0.373495,-0.25875000000000004
-0.7445999999999999,0.021547999999999998,-0.26575000000000015
-1.09895,0.8654975,11.0445
-1.6184500000000002,-0.960075,-0.23824999999999985
-1.6616,-1.26415,-11.765
-1.74775,-1.7429999999999999,10.7235
-1.087,-1.1061,-0.23225000000000007
-0.943315,-1.0031949999999998,-0.25377499999999964
-1.4054000000000002,-2.4061500000000002,-0.2584999999999993
-0.85473,-2.0159000000000002,-0.15809999999999969
-0.9888049999999999,-1.3024499999999999,-0.24180000000000001
-1.29765,0.47046249999999995,7.891249999999999
-1.0199,0.12928499999999998,8.2744
-1.1947,-0.09098149999999999,-0.22507499999999991
-1.31205,0.28730500000000003,8.7628
-1.99195,0.609325,-0.2537750000000001
-1.7621,-0.10295,-0.20827500000000043
-1.1636,1.1157,-0.25857499999999956
-1.25695,-0.105345,-0.23224999999999962
-1.4748,-0.7900849999999999,-0.25262499999999966
-1.6903000000000001,-0.3711,-0.24537500000000012
-1.58975,-0.0335187,-0.25867499999999977
-1.90815,-0.555455,10.1655
-1.8148,-1.336,10.822
-1.5538500000000002,-0.490815,10.5415
-1.8890500000000001,-0.9960100000000001,10.3355
-1.2904499999999999,-0.8523350000000001,-0.25975000000000037
-0.493205,-0.38307,-0.2502500000000003
-0.27532999999999996,-0.51475,-10.8245
-0.94571,-0.5937650000000001,-10.2305
0.20592499999999997,-1.58975,9.698899999999998
-0.7637499999999999,-1.9871500000000002,9.6295
-0.52433,-1.71905,-0.24419999999999975
-0.44053,-2.21705,-0.22987500000000027
-0.27293999999999996,-2.00875,-0.20232499999999964
-0.34236999999999995,-1.17795,-0.2298500000000001
-0.56982,-1.41255,-0.23582499999999973
0.06586000000000003,-1.18275,8.33185
-1.17795,-1.3647,-0.23104999999999976
-0.9361349999999999,0.2310325,8.86095
-0.93613,-1.0894,-0.2634750000000001
-1.19235,-1.5323,-0.21899999999999986
-1.0654,-1.21625,-0.24049999999999994
-0.840365,-1.11095,10.982
-1.3958,-0.684725,-11.893999999999998
-1.4078,-1.82675,-0.2144999999999997
-0.40940499999999996,-0.967255,-10.184999999999999
-0.064643,0.249,-0.2514000000000003
-0.011972499999999997,-0.39983,9.117149999999999
0.6213075,-2.2649,-0.24175000000000013
-1.5873499999999998,-2.95925,-0.2023250000000001
-1.36945,-1.58255,-0.2118749999999998
-0.9074,-1.1899,-0.24540000000000028
-1.14205,-0.596155,-8.078
-1.0271,-0.059855,-0.24782499999999974
-0.5602400000000001,-0.17238499999999998,9.0884
-0.624885,-0.48602,9.943100000000001
-0.794875,-1.0965500000000001,-0.2252500000000004
-1.12045,-0.23705000000000004,-0.22399999999999975
-1.75495,-2.229,-0.1962499999999996
-1.1875,-0.46207999999999994,-0.22975000000000012
-1.3862,-2.6911,-0.20950000000000069
-1.47485,-2.2601,9.76835
-1.6113,-0.584185,-0.22025000000000006
-1.98,0.134075,-0.20589999999999975
-1.8148,0.3364,-0.25380000000000047
-1.3622999999999998,-2.6264,9.40925
-1.3407499999999999,-1.9321000000000002,-0.1987000000000001
-0.86431,-1.1468500000000001,-0.20469999999999988
-0.246605,-0.938525,-0.21667499999999995
-0.34716,-0.155625,-0.17594999999999938
-0.90022,-0.981625,-0.24899999999999967
-1.63525,-1.3287499999999999,-0.2382500000000003
-1.8124500000000001,-0.98641,9.8162
-2.0159000000000002,-1.5921500000000002,10.395499999999998
-2.2338,-1.30005,10.173
-1.7861,-0.85473,10.106000000000002
-0.952895,0.48841999999999997,-0.21925000000000017
-0.35195,-1.1372499999999999,-0.2382500000000003
-0.7853,-1.7789000000000001,-0.22737499999999988
-1.0463,-1.4317000000000002,-0.23459999999999948
-0.38307,-0.6201,-0.23332500000000023
-0.48362499999999997,-1.4389500000000002,-0.2574000000000001
-1.12525,-2.6311999999999998,-0.2203750000000002
-0.9840150000000001,-0.42735,-0.2274499999999997
-0.39145,0.155625,-0.21550000000000002
-0.782905,0.2059,-8.27435
-1.41255,-1.0318999999999998,-0.19512500000000044
-1.30005,-1.3647,9.2991
-1.0989499999999999,-1.0798,-0.23572499999999907
-1.2473999999999998,-1.75975,10.469999999999999
-1.6568,-2.29125,10.864999999999998
-1.2402,-2.2649,-0.22975000000000056
-0.8451550000000001,-0.629675,-0.22975000000000012
-1.3934000000000002,-1.2833,-0.24299999999999988
-1.6113,-2.36545,9.890450000000001
-0.988815,-1.09175,-0.21907500000000013
-1.2019000000000002,-0.9935749999999999,-0.23702500000000004
-1.154,-0.8499399999999999,-0.1999249999999999
0.50876,-1.889,-0.21427499999999977
-0.74699,-2.78925,-0.23942500000000022
-0.77333,-1.9345,-0.245425
-0.7374149999999999,-1.2354500000000002,-0.25017500000000026
-1.3144,-1.9058,7.9679
0.02155000000000007,-1.1229,-0.19989999999999997
-0.71587,-0.51954,-9.3661
-0.754175,-0.19393750000000004,-0.21532500000000043
-1.47005,-0.506375,10.7425
-1.6185,-2.3918,-0.2287499999999998
-0.2011,0.19272500000000004,-0.24300000000000033
-1.2857,-0.7422,-0.24675000000000002
-0.8475450000000001,-2.0231,-0.25724999999999953
-1.2689,-3.81395,10.2905
-0.636855,-2.5809499999999996,-0.23819999999999997
-0.24180999999999997,-1.34555,-0.21067500000000017
-0.023941999999999998,-0.258575,-0.2310249999999998
-1.1971,-0.39622500000000005,-0.2035249999999995
-1.9824000000000002,-2.99275,-0.2477999999999998
0.1149,-1.53465,-0.2106999999999999
-0.742205,-0.9552849999999999,-0.2454000000000005
-0.794875,-1.30725,-0.22024999999999983
-0.46208499999999997,-0.2729375,-0.21070000000000055
-0.70629,-1.68795,-0.22865000000000046
-0.9504950000000001,-2.2409499999999998,-0.21302500000000002
-1.27135,-2.7126,-0.2177500000000001
-1.3670499999999999,-2.47085,11.047
-1.1205,-1.1444,-0.2202500000000005
-1.1588,-0.512375,-0.21550000000000002
-1.3647,-5.267250000000001,10.9175
-1.84115,-4.2688500000000005,-0.19754999999999967
-1.8459500000000002,-2.2314,-0.22387500000000005
-1.41975,0.08140000000000003,8.7436
-0.694315,-1.3264,-0.22147499999999987
-0.794875,-1.4461,-0.26095
-1.08215,-1.37425,-0.201125
-0.51954,-0.66798,-0.24062499999999987
-0.5458799999999999,-1.2977,-0.2430000000000001
-0.7374149999999999,-1.8961999999999999,-0.2023250000000001
-1.0870000000000002,-2.89455,9.538499999999999
-1.3264,-1.291675,-0.2082500000000005
-1.75495,-1.157575,-0.24299999999999988
-1.8172000000000001,-0.5183249999999999,-0.20800000000000018
-1.2785,-1.05585,-0.21425000000000072
-0.629675,-1.6592,10.790499999999998
-0.8499400000000001,-3.0549999999999997,10.6065
-0.73502,-3.0526,-0.19525000000000015
-0.65601,-2.2194000000000003,-0.21667499999999995
-0.663195,-1.9752,-0.2502
-0.89064,-2.4205500000000004,8.2456
-1.13245,-2.62405,-0.24542500000000045
-0.902615,-2.00155,-0.19752500000000017
-0.96726,-0.9050050000000001,-0.2310500000000002
-1.10375,-1.0415,8.68135
-1.2306,-1.75975,9.3637
-1.41975,-1.6951,9.4954
-1.5131000000000001,-2.059,9.91915
-1.4125999999999999,-2.74135,10.458
-1.2689,-2.0997500000000002,10.46
-1.1564,-0.40222499999999994,-0.22999999999999954
-1.47965,-0.624885,-0.24775000000000036
-1.6017,-2.6001000000000003,-0.262
-1.2353999999999998,-2.70785,-0.20714999999999995
-1.2737,-1.4916,-0.22504999999999997
-1.0486499999999999,-1.4485000000000001,-0.2058749999999998
-0.8164199999999999,-2.0662000000000003,8.509
-1.2498,-2.1595500000000003,8.2408
-1.2665,-2.466,-8.796299999999999
0.50517,-2.01355,-0.2370249999999996
-0.9385300000000001,-0.51236,-0.2501750000000005
-1.0271,-0.588975,-0.22505000000000042
-1.2497500000000001,-1.57775,-0.2490000000000001
-1.29285,-2.40135,-0.2343750000000009
-1.2809,-2.3511,-0.2177500000000001
-1.4317000000000002,-2.63125,-0.20599999999999996
-1.1684,-0.5075700000000001,-0.22975000000000056
-0.976835,-1.07735,-0.2502500000000003
-0.361525,-3.7565,-0.22025000000000006
0.663195,-3.5458,-0.23225000000000007
0.21787,-1.9369,-0.20932500000000065
-1.08695,-2.2721,-9.97205
-1.8244,-2.4899500000000003,8.58085
-1.58255,-1.50835,7.7931
-1.6975,-1.9297499999999999,-0.25140000000000007
-1.72145,-1.7454,-0.24302500000000005
-1.54185,-1.6137000000000001,-8.78435
-0.9983949999999999,-1.6472,8.56645
-0.94332,-1.8842500000000002,-0.24659999999999993
-1.075,-2.4707999999999997,-0.2285500000000007
-1.25935,-2.8587,-0.24049999999999994
-1.2761,-2.8395,10.7285
-1.1636,-2.0206999999999997,-0.1782499999999998
-0.778115,-2.4276999999999997,-0.20850000000000035
-1.1444,-3.6799,-0.2202500000000005
-1.68315,-2.7677,9.2057
-2.2434000000000003,-1.4317,-8.844149999999999
-1.9344999999999999,-2.1859,-0.24542499999999956
-1.6209,-2.67675,8.35575
-1.72145,-3.15555,-0.23702500000000049
-1.5873499999999998,-2.6097,7.790699999999999
-0.9576800000000001,-1.5873499999999998,-0.24180000000000024
0.5039799999999999,-1.42215,-0.22504999999999997
0.13168000000000002,-1.3742999999999999,8.724499999999999
1.3060500000000002,-1.9393,-0.23352499999999976
0.423775,-2.70545,-0.20940000000000047
-0.476445,0.52672,-0.20827499999999954
-1.1085,-3.6654999999999998,10.247
-1.4389500000000002,-2.00155,10.477
1.1396525,-3.3207500000000003,10.9605
-0.87628,-5.640750000000001,10.924500000000002
-0.629675,-4.5825,9.98365
-0.28491,-2.8012,-0.2285499999999998
-0.41179999999999994,-1.91535,9.136299999999999
-1.0654,-2.49235,-0.21664999999999957
-1.58735,-3.3590500000000003,-0.2238500000000001
-1.3934,-2.74375,-0.1903499999999998
0.13046749999999993,-1.2905,-0.2502
-1.2138499999999999,-1.37425,-0.20709999999999984
-0.919375,-1.42455,-0.23462500000000008
-0.311245,-0.6895374999999999,-0.2334499999999995
-1.7238,-3.9552,9.414
-2.9305000000000003,-4.31675,9.64625
-2.49955,-3.53625,9.79945
-1.75495,-0.009575,-0.20925000000000082
-1.76695,-3.0454,10.8
-1.5754000000000001,-4.67825,10.668499999999998
-1.3958,-3.3064,9.8713
-1.6783000000000001,-1.7358,-0.2094999999999998
-1.99675,-2.2241999999999997,-0.2609750000000006
-1.9824000000000002,-3.5410500000000003,8.911200000000001
-1.7189999999999999,-3.44765,-8.6622
-1.2353999999999998,-2.90415,7.8171
-0.8571200000000001,-2.5067500000000003,-0.2059000000000002
-0.36631,-2.05665,-0.22507499999999991
0.981625,-1.207885,-0.21667500000000017
1.02715,-2.976,-0.21547500000000008
-0.023941999999999998,-3.8259499999999997,-0.27652499999999947
-0.51236,-3.15315,9.234449999999999
-0.890645,-4.2808,10.046
-1.02715,-3.9049500000000004,11.008500000000002
0.766135,-0.8008575,-0.22975000000000012
-0.43574500000000005,-4.1803,-0.2367499999999998
-0.294485,-4.6208,-0.2562500000000001
-0.6129150000000001,-2.4948,-0.21672499999999983
-0.356735,-1.05105,-0.24780000000000024
-0.011971,-1.63045,-0.22144999999999992
-0.33519,-1.4772,-0.23582499999999995
-0.36392,-0.972045,-0.18792499999999968
-0.0502785,-0.68235,-0.23225000000000007
0.5059733333333333,-0.49799333333333334,-0.22982500000000017
0.35912999999999995,-1.1432375000000001,-0.2130749999999999
-0.8595200000000001,-1.2689074999999999,9.1123
-1.9393,-3.5075000000000003,9.48105
-1.90335,-3.5385999999999997,-0.2010000000000005
-1.96085,-3.33275,-0.2357499999999999
-1.9225500000000002,-2.2386,10.381
-1.3622999999999998,-1.8028,-0.23475000000000001
-1.0630000000000002,-0.9924,-0.22624999999999984
-1.26895,-3.9121,-0.22500000000000053
-1.47725,-3.2489,-0.2502
-1.3000500000000001,-2.1189,-9.0022
0.333975,-1.7885,8.0517
0.81523,-2.37265,-0.20947499999999986
0.96606,-2.2793,7.57045
0.757765,-0.7541675,7.314299999999999
-0.61052,-2.35585,7.5034
-0.9888049999999999,-3.1364,8.1235
-0.658405,-3.6775,-0.19632499999999986
-0.33758,-3.40935,-0.2621750000000005
-0.258575,-4.1324,-0.20450000000000035
0.21069000000000002,-3.4141500000000002,-0.21799999999999997
1.0271325,-1.80045,-0.2657499999999997
-0.071826,-0.75178675,10.731000000000002
2.1320185,-2.13922025,10.998999999999999
0.19393,-4.826700000000001,-0.2094999999999998
0.047883999999999996,-3.3208,-0.232275
-0.0861905,-1.8124,-0.2442000000000002
0.14605,-2.0039,-0.21904999999999974
0.047883999999999996,-2.90655,8.60475
-0.167595,-2.57615,-0.24180000000000001
-0.577005,-2.3439,-0.21787500000000004
-0.4956,-2.399,-8.2241
-0.67995,-1.80525,-0.2310500000000002
-0.93613,-1.8531499999999999,8.238399999999999
-0.89543,-2.5474,-9.507349999999999
-0.82121,-2.87065,-0.19504999999999972
-1.08935,-3.19145,10.1275
-1.1229,-2.6025,-0.20700000000000074
-1.1444,-1.66155,-0.2357499999999999
-1.2019,-2.7844499999999996,10.680499999999999
-1.3670499999999999,-4.5226500000000005,10.0505
-1.7765,-4.1204,-0.21787499999999982
-1.7189999999999999,-2.54505,-0.1963250000000003
-1.01515,-2.5474,-0.24422500000000014
-0.51954,-2.82515,-0.2549749999999995
-0.493205,-2.7413499999999997,-0.23582499999999973
-0.378285,-2.44685,8.267199999999999
-0.5363,-1.75255,-8.338999999999999
-0.4956,-1.8148,8.02295
-0.56982,-2.6719,-0.25975000000000037
-0.921765,-2.57375,-0.2059000000000002
-1.0846,-2.7342,-0.22867499999999952
-1.0654,-3.1388,-0.2502749999999998
-0.914585,-3.3495,9.6917
-0.981645,-1.5251,-0.2753749999999999
-1.0198999999999998,-0.4800499999999999,-0.22975000000000056
-0.919375,-4.690250000000001,-0.2357499999999999
-0.624885,-3.8091999999999997,-0.19745000000000035
-0.316035,-2.50195,8.97585
-0.42617000000000005,-1.69745,-0.22387500000000005
-0.0957655,-2.66235,-0.23704999999999998
-0.44293000000000005,-3.1484,-0.2753000000000001
-0.732625,-2.6479999999999997,-0.26217500000000005
-0.8499399999999999,-1.52035,8.07565
-1.05105,-1.4461,-0.19989999999999997
-1.0678,-1.7189999999999999,-0.16877500000000012
-1.063,-1.88425,-0.2022999999999997
-1.1875,-2.5235,-0.23114999999999997
-1.30005,-2.7653,-0.23100000000000032
-1.39585,-1.9465,-10.969999999999999
-1.47245,-1.7885,-0.21800000000000042
-1.0295,-1.67475,11.042
-0.58419,-1.6735425,-0.2418250000000004
0.5195500000000001,-2.2817,8.880099999999999
-1.1372499999999999,-1.10615,-8.8729
-0.52912,-2.1452,8.32465
-0.308855,-2.7198,-0.19152499999999995
-0.608125,-3.0478,-8.7819
-0.48602500000000004,-2.5163,-0.25260000000000016
-0.325615,-2.3056,-0.21427500000000022
-0.30406,-2.97835,-0.20709999999999962
-0.47165499999999994,-2.45405,8.78915
0.9612775,-2.70785,-0.21547500000000008
-0.89064,-3.1412,9.605550000000001
-0.873885,-1.06901,-0.21435000000000004
-1.1205,-1.6065,9.96945
-1.0055999999999998,-1.7406000000000001,-0.22750000000000004
-1.22105,-4.9608,-0.2360000000000002
-0.90501,-4.0869,9.299050000000001
-0.58658,-2.5928999999999998,9.0668
-0.70629,-2.3773999999999997,9.15305
-0.3735,-3.2609000000000004,-0.20472500000000027
-0.42617,-3.53625,9.1554
-0.73502,-2.9329,8.6814
-1.0798,-1.9537,-0.21189999999999998
-1.1875,-1.83875,-0.2274499999999997
-1.1084999999999998,-1.92255,-0.21189999999999998
-0.82121,-2.7246,-0.22504999999999997
-0.56024,-2.37505,-0.22985000000000033
-0.493205,-2.08295,-0.22502500000000047
-1.0702,-2.15,10.719000000000001
-0.919375,-1.9847849999999998,10.652000000000001
-0.052672000000000004,-4.7094,-0.22247500000000064
-0.8906449999999999,-0.7051075,-0.21665
-1.49635,-1.6735,9.13625
-0.8978250000000001,-2.7725,-0.2490000000000001
-0.203505,-3.17235,8.1379
-0.42137499999999994,-2.6791,-0.23825000000000007
-0.81163,-2.07575,8.07565
-1.14445,-2.05425,8.4348
-1.14925,-2.1164500000000004,8.7604
-0.94571,-2.25535,8.963899999999999
-1.3383500000000002,-2.6168500000000003,-0.2346250000000003
-1.39105,-3.1388,-0.20942500000000042
-1.17795,-1.179125,-10.35
-1.3503500000000002,-0.017925000000000024,-0.2299749999999996
-1.2426,-2.46125,10.343
-0.667985,-3.9815500000000004,-0.20357499999999984
-0.28491,-2.83955,-0.220275
-0.27054500000000004,-0.54349,8.9998
-0.09576799999999999,-1.0606,-0.23822500000000035
-0.25139500000000004,-1.2210475,-0.22624999999999984
-0.835575,-1.3646975000000001,-0.23819999999999997
-1.09415,-2.62405,-0.17954999999999988
-1.46045,-1.7406,8.7604
-1.51555,-2.2146,-0.21427500000000066
-1.3048,-2.4876,-0.2094750000000003
-0.9983599999999999,-2.4876,-0.20467499999999994
-1.0319,-2.2601,-0.18797500000000023
-1.2737,-2.71745,-0.24197500000000005
-1.312,-2.308,-0.24287500000000017
-1.62565,-1.48205,-0.23324999999999996
-1.95365,-3.56495,10.398
-1.5203,-3.7182,9.8689
-0.9983949999999999,-2.9975,9.318200000000001
-0.33997999999999995,-1.1743525,-0.21670000000000034
-0.27054500000000004,-2.6025,-0.2226749999999993
-0.5937650000000001,-1.9872,-0.21907500000000013
-0.857125,-1.54185,-0.245425
-0.869095,-1.7741,-0.24299999999999966
-0.8355750000000001,-0.7350124999999998,-0.21787500000000026
-0.56264,-1.18035,-0.2370249999999996
-0.35674,-1.0139275,-0.23459999999999992
-0.490815,-1.8794499999999998,-0.22517500000000013
-1.0486499999999999,-2.4397,-0.20247499999999974
-1.29525,-2.7198,-10.295
-1.2785000000000002,-1.5682,-0.2215499999999997
-1.494,-2.3822,-0.23474999999999957
-1.08935,-3.5482,-10.075
0.17238,-3.0957,8.97105
0.5674250000000001,-2.0207,-0.25737500000000013
-0.004788399999999999,-2.0039499999999997,9.2823
-0.11970999999999998,-3.15315,-9.797049999999999
-0.143655,-4.1084499999999995,9.3733
-0.14126,-1.2593475,8.5545
-0.732625,-1.74055,-8.5138
-1.1875,-1.82435,8.3366
-1.1253000000000002,-1.84355,-0.21547500000000008
-0.72544,-1.9369,9.24405
-1.0079449999999999,-2.0135,9.56005
-1.39345,-2.17395,9.876100000000001
-1.13005,-2.0231,10.1325
-1.2785,-1.8890500000000001,-0.2202500000000005
-1.50835,-2.1572,-0.24649999999999972
-1.31685,-3.78285,-0.2274999999999996
-0.9289499999999999,-3.6871,-0.22507499999999991
-1.1731500000000001,-2.98555,9.150649999999999
-1.36465,-3.0023,-0.22865000000000002
-1.2114500000000001,-3.33035,-0.22145000000000037
-0.59855,-3.2992,8.51855
-0.17717,-1.16477,-0.22384999999999966
-0.6009450000000001,-2.09255,-0.1975
-0.88825,-2.0638,-0.2549999999999999
-0.78051,-2.29845,-0.22745000000000015
-0.691925,-2.22185,-0.23940000000000028
-0.68953,-2.3607,-0.2573749999999997
0.8295875000000001,-2.3007999999999997,-9.8545
-0.8236049999999999,-2.53065,9.931149999999999
-1.1468500000000001,-2.806,-0.226375
-0.9289499999999999,-2.07575,-0.2237499999999999
-0.69432,-3.6439500000000002,10.991499999999998
-0.555455,-4.537050000000001,10.396
-0.196325,-3.5385999999999997,9.299100000000001
0.9804325,-2.3128,-0.23104999999999976
-0.26097,-2.3798500000000002,-0.24900000000000055
-0.27773000000000003,-3.56015,-0.208275
-0.349555,-3.5650000000000004,8.8298
-0.299275,-2.01595,-0.20950000000000002
-0.26097000000000004,-0.96965,-0.22144999999999992
-0.66798,-0.950495,-0.23824999999999963
-0.75657,-1.7358,-9.0884
-0.39503999999999995,-2.31995,-0.2514000000000003
-0.47645,-2.74615,9.6151
-0.74699,-2.7365500000000003,-0.2119749999999998
-0.636855,-2.42535,10.494
-0.34716,-0.5961575,-0.2277499999999999
-0.380675,-1.4533,-0.2417499999999997
-0.749385,-1.5658,-0.18425000000000047
-0.8236049999999999,-4.81235,-0.19874999999999954
-1.25935,-3.4093,-0.20830000000000037
-1.24255,-0.5398749999999999,-0.19392500000000013
-0.68474,-2.1955,-0.2382249999999999
-0.30885,-2.91615,8.19775
-0.196325,-2.43255,7.8482
0.9875924999999999,-2.5402500000000003,-0.23699999999999966
-0.280125,-2.2386,-0.20230000000000015
-0.16280499999999998,-2.09015,8.2935
-0.22744999999999999,-2.70065,-0.207125
-0.179565,-3.1315999999999997,9.47145
-0.30645500000000003,-3.3878000000000004,-0.19974999999999987
0.062249,-1.7908625,-10.7665
0.155625,-1.1324602499999998,-0.2250000000000001
1.3252025,-2.33915,-0.20250000000000012
0.148445,-5.15715,11.712499999999999
0.356735,-2.3546875,-10.405000000000001
1.6352,-1.693875,-0.21787500000000026
1.5945,-0.5865800000000001,-0.22504999999999953
0.150835,-0.8176095,-9.05965
-0.0622495,-2.1069,-0.18314999999999992
-0.16280999999999998,-2.5067500000000003,-0.21909999999999963
-0.7637499999999999,-2.3510999999999997,-0.25017500000000004
-0.6464300000000001,-2.40855,8.7556
-0.97444,-1.9321000000000002,-0.2406250000000001
-0.7900849999999999,-1.0654,-0.22507499999999991
-1.1731500000000001,-2.7174,-0.2310249999999998
-1.6663999999999999,-2.7629,9.6391
-1.4605000000000001,-2.2601,-0.25627500000000003
-1.0198999999999998,-2.42775,-0.22750000000000004
-0.5794,-1.47245,10.100999999999999
-0.332795,-0.30167,10.1465
-0.280125,-1.0869499999999999,-0.24899999999999922
0.7266249999999999,-2.8084,-0.20124999999999948
-1.6879,-0.661975,-0.20470000000000033
-1.2497500000000001,-2.3175499999999998,-0.2131000000000003
-0.447715,-2.059,-0.1783750000000004
0.069432,-2.30085,-0.2142999999999997
-0.0143654,-2.66235,8.0948
0.25139,-2.9305,-0.18674999999999997
0.29208999999999996,-2.62405,8.35815
0.0167593,-2.1572,-0.2370000000000001
-0.09577,-2.0733499999999996,8.506599999999999
-0.11971,-0.92536,-0.22745000000000015
-0.13647,-1.94405,-0.22029999999999994
-0.30885,-2.1236499999999996,10.039
-0.66319,-2.0326500000000003,10.453
-0.51954,-2.2864500000000003,-11.193
-0.160415,-1.4437000000000002,-0.22974999999999923
-0.390255,-2.6910499999999997,-0.24549999999999939
-0.076616,-4.0988500000000005,-10.123
0.675165,-2.066205,-0.17717500000000053
0.442925,-2.2649,-0.21787500000000026
-0.282515,-2.4133500000000003,-0.18915000000000015
-0.38546499999999995,-3.3973500000000003,8.78675
-0.40941000000000005,-2.9712,-0.23344999999999994
-0.46687,-2.07815,8.1379
-0.363915,-0.8643050000000001,-0.20467500000000038
-0.46447499999999997,-0.49560000000000004,7.896100000000001
0.27532999999999996,-1.1708,-0.2406250000000001
1.5502500000000001,-2.71985,-0.21199999999999974
-0.457295,-2.4469,-0.2200000000000002
-0.356735,-2.17155,-0.23599999999999932
-0.629675,-2.0494,-12.0045
-1.5920999999999998,-3.20585,11.2885
-1.47725,-4.788399999999999,-0.2357500000000008
-0.995975,-1.3455425,-0.232275
-1.25935,-2.1644,8.9998
-1.13725,-1.5419,-0.17237499999999972
-0.584185,-2.3510999999999997,-0.22504999999999997
-0.31364000000000003,-2.62165,-8.109200000000001
-0.081402,-0.9780382999999999,-0.22384999999999988
-0.023942199999999997,-1.8651,7.862550000000001
-0.27294,-2.3056,-0.21547500000000008
-0.55306,-2.34155,-0.22504999999999997
-0.373495,-2.21465,-0.2693249999999998
-0.34716,-2.2769,9.7516
-0.708685,-2.9305000000000003,-0.19999999999999973
-1.12765,-3.2968,-0.24425000000000008
-1.20905,-0.26575000000000004,-0.22399999999999975
-0.399835,-1.2569499999999998,-0.2490000000000001
-0.081403,-3.56975,11.013
-0.19871499999999997,-4.42925,-0.20974999999999966
-0.25617999999999996,-2.727,-9.426
-0.28251499999999996,-1.94405,-0.21787500000000026
-0.47165500000000005,-2.19545,-8.724499999999999
-0.888245,-3.23455,-0.22865000000000046
1.157575,-3.37345,-0.21907500000000013
-0.5746100000000001,-1.6975,-0.214275
-0.67277,-0.993605,-0.20469999999999988
-0.8714900000000001,-1.0654,-8.5832
-0.993595,-1.2354,-0.233425
-0.749385,-2.82755,-0.24887499999999996
-0.65601,-3.75175,-0.17974999999999985
-0.909795,-3.77805,11.418000000000001
-1.2138499999999999,-2.3152,11.748000000000001
-0.641645,0.05985499999999999,11.087499999999999
-0.13886500000000002,-0.85233,-0.26074999999999937
0.112529,-3.07655,10.118
-0.79248,-2.58575,-0.2514000000000003
-1.47005,-1.9537,-0.26335
-1.0415,-2.0255,-0.2202499999999996
-0.80445,-2.9951499999999998,-0.1879249999999999
0.6536149999999998,-0.6883349999999999,-0.21907500000000013
-0.68235,-2.13805,-0.23225000000000007
-0.7853,-2.6504000000000003,-0.2107000000000001
-0.8331799999999999,-2.4924,-0.2094999999999998
-0.658405,-1.8866,-0.2597750000000003
-0.74699,-2.29605,-0.25270000000000037
-0.732625,-3.14355,10.457999999999998
-0.7924800000000001,-2.83235,-0.24799999999999933
-1.27135,-0.20590000000000003,10.369499999999999
-0.9840150000000001,-0.938525,10.692499999999999
-0.78769,-2.45165,11.0205
-0.596155,-3.85465,10.3095
-0.43814,-2.9042000000000003,-0.25017500000000004
-0.38068,-1.2761,-0.27532500000000004
-0.5793950000000001,-1.6376,-0.23824999999999985
-1.01991,-2.5666,-0.26097499999999996
-1.391,-2.12365,-0.24299999999999988
-1.0701999999999998,-1.83635,-0.2274499999999997
-1.14445,-1.7406000000000001,-0.2059000000000002
-1.6041,-2.3176,8.81305
-1.08935,-2.41575,-0.24540000000000006
-0.95289,-1.7382,-0.1927249999999998
-1.5251000000000001,-1.68075,9.3853
-1.58015,-2.0374999999999996,10.142
-1.37425,-1.9465,10.494
-1.4557,-1.13965,-0.22875000000000023
-1.7309999999999999,-1.8148,10.568
-1.992,-3.8235,10.585
-1.91295,-3.33995,9.6391
-1.8172,-2.4732000000000003,9.196100000000001
-1.1708,-1.8411499999999998,-0.24302499999999982
-0.67277,-1.8172000000000001,-0.23582499999999929
-0.64883,-2.3175499999999998,8.4204
-0.46447499999999997,-1.23305,-0.22027499999999955
-0.56503,-1.30005,-0.21667499999999973
-0.572215,-1.391,-0.156825
-0.720655,-1.63045,-0.24422500000000014
-0.7230449999999999,-2.2409499999999998,-0.19274999999999975
-0.61292,-2.6814999999999998,-0.25124999999999975
-0.83318,-2.61925,11.281500000000001
-0.9074,-1.1396,-0.22974999999999968
-0.624885,-2.23135,-0.25749999999999984
-0.043095499999999995,-4.80995,11.1305
0.0311245,-3.2657,-0.26324999999999976
-0.397435,-0.26933999999999997,-9.0429
-1.18035,-0.94092,-0.22865000000000002
-1.4365,-2.53545,-8.92795
-1.3671000000000002,-2.21465,-0.23942500000000022
-1.0846,-0.39025,-0.239425
-0.835575,-1.13245,-0.24182499999999996
-0.87149,-1.15165,-0.2502249999999999
-0.71826,-1.29525,-0.23102500000000026
-0.5386949999999999,-1.1923,-0.22384999999999966
-0.71587,-1.62085,10.033999999999999
-0.835575,-2.8443,11.2985
-1.1636000000000002,-2.1572,11.612
-0.531525,-0.617705,-0.23225000000000096
1.2270250000000003,-1.249775,-0.24650000000000016
-1.41975,-4.481949999999999,10.222999999999999
-1.37425,-1.6592,-9.030899999999999
-1.4078,-0.73981,-0.22862500000000008
-0.22865249999999998,-0.7445999999999999,-0.2585749999999998
0.5961575,-2.1476,-0.17835000000000045
-0.9816199999999999,-2.4828,-8.7867
-1.18035,-2.2864500000000003,-0.22624999999999984
-0.67995,-2.04225,-0.2418249999999995
-0.639255,-1.6855,-0.22982499999999995
-0.8260000000000001,-1.47485,9.232050000000001
-0.794875,-0.3734775,-0.19627499999999953
0.8367825,-2.5714,10.6135
-0.782905,-2.86105,10.884
-0.806845,-2.7102500000000003,-0.21575000000000033
-0.60334,-0.7912775,-10.831
0.32561500000000004,-1.09415,-0.24899999999999967
1.7046925,-3.213,-0.24300000000000033
-0.026336000000000002,-4.0007,-0.26102500000000006
0.25617999999999996,-2.4397,-0.27172500000000044
0.06464349999999999,-0.55067,-0.252575
-0.921765,-1.5251,-0.22744999999999949
-1.2857,-1.8866,-0.21787500000000026
-1.0774,-1.4485000000000001,-0.23582499999999995
-0.914585,-0.90022,-0.26337500000000014
-0.778115,-1.50595,8.506599999999999
-0.8499400000000001,-1.49875,-0.22267500000000018
-0.7996650000000001,-1.3024499999999999,-0.24647500000000022
-0.5051749999999999,-1.82675,-0.2224999999999997
-0.794875,-1.3958,11.307500000000001
-0.87388,-1.96085,11.5785
-0.847545,0.04430249999999997,-0.25
-0.13407749999999993,-0.8331850000000001,-0.24425000000000052
-1.62325,-4.1659,10.362000000000002
-0.7445949999999999,-2.89215,9.198550000000001
-0.7637499999999999,-1.67115,-0.25139999999999985
-1.1588,-2.0374499999999998,-8.5353
-1.0367,-2.95685,8.3773
-0.91698,-2.3655,8.030149999999999
-0.8643050000000001,-1.5920999999999998,-0.2645500000000003
-0.8283900000000001,-1.75015,-0.22745000000000015
-0.821215,-1.3120500000000002,-0.2190500000000002
-0.5386949999999999,-1.2378,-0.27772499999999933
-0.55545,-1.3622999999999998,-0.20472500000000027
-0.610525,-1.7741,-0.20255
-0.7398100000000001,-2.7605000000000004,11.162
-0.8619100000000001,-3.3495,11.7055
-0.663195,-0.9097925,-0.28624999999999945
-0.041897500000000004,0.0,-0.2549999999999999
1.1983175,-3.1244500000000004,-0.2407499999999998
-0.46208000000000005,-3.61285,-10.108
-0.17956499999999997,-2.2338,-8.825
-0.28012000000000004,-0.969665,-0.2310500000000002
0.3411925,-1.47725,-0.22742499999999977
-0.80206,-2.5139500000000004,8.3869
-0.928955,-2.1428000000000003,-0.21664999999999957
-0.6344650000000001,-1.34315,-0.21427500000000022
-0.675165,-1.20425,8.49945
-0.7015,-1.10375,-0.1915499999999999
-0.5794,-1.23305,-0.22862499999999963
-0.47884000000000004,-1.3622999999999998,9.663
-0.873885,-1.84355,10.629999999999999
-1.2354500000000002,-2.73175,-0.2157499999999999
-0.691925,-2.58575,11.370000000000001
-0.612915,-0.79966,10.501000000000001
0.0873875,-1.0031949999999998,-0.2549999999999999
-1.0965500000000001,-3.5075,-0.2549999999999999
-0.8643049999999999,-2.94965,9.73
-1.2426,-0.324425,-0.25977499999999987
-0.90022,-2.08055,-8.9998
-0.78051,0.861915,-0.2382499999999994
-0.7110799999999999,-1.9106,7.9511
-0.536305,-1.72385,-0.23939999999999984
-0.66559,-1.2043,-8.449100000000001
-0.94571,-1.38625,-0.23222499999999968
-1.0965500000000001,-1.7262499999999998,9.2991
-1.49875,-1.8075999999999999,-0.23582500000000017
-1.0247000000000002,-1.5993,9.722850000000001
-0.68474,-1.968,-0.242
-1.0606499999999999,-2.93765,10.9725
-0.99838,-0.5674250000000001,-0.2217500000000001
0.26697,-0.2944800000000001,10.711500000000001
1.2677175,-3.6464,10.561
-0.34716,-1.6579875,-0.2382500000000003
0.15323,-1.3790499999999999,-0.2514000000000003
-0.40941,-0.72305,-0.23462499999999986
-0.9936100000000001,-2.3391,-0.2190749999999997
-0.727835,-2.3272,-0.220275
-0.5363,-1.7525499999999998,-0.25139999999999985
-0.677555,-0.96726,-0.2418499999999999
-0.8834599999999999,-1.13965,-0.22744999999999993
-0.89064,-0.981635,-0.2083250000000001
-1.1013000000000002,-0.9121900000000001,-0.2513749999999999
-0.56982,-0.89064,-0.23342499999999955
-1.3239999999999998,-1.2521499999999999,10.376
-1.3838,-1.4844,-0.21550000000000002
-0.70629,-1.6376,-11.254999999999999
-1.2522000000000002,-0.10056,-11.454
0.34355,-2.1021,12.011499999999998
-0.979225,-4.5442,12.152999999999999
-1.6113,-3.44765,-0.21550000000000047
-1.166,-2.1165,-0.23462499999999986
-0.95529,-2.3655,-0.23942499999999933
-0.7302299999999999,-2.74615,-8.7532
-0.42856,-2.0542,-0.20352499999999996
-0.51475,-1.34075,-0.2178500000000001
0.00837750000000001,-1.05345,-0.22982500000000017
-0.87149,-1.029505,-0.2130749999999999
-0.991215,0.36273250000000007,-0.23344999999999994
-1.18995,0.20111750000000003,9.43555
-1.2474,-1.0750000000000002,10.355
-1.4844,-2.6145,-0.22749999999999915
-1.4341,-3.23935,-0.2850000000000006
-1.45805,-1.0439,11.023
-0.8307849999999999,-3.00235,-0.19275000000000064
-0.49799499999999997,-1.699875,9.892800000000001
-0.45250500000000005,-2.4852,-0.20230000000000015
-0.5841850000000001,-1.5657999999999999,8.983
-0.8595200000000001,-2.0782,-0.2442000000000002
-1.21625,-2.02545,-0.24660000000000037
-1.1947,-1.52035,-0.23225000000000007
-0.861915,-0.782905,-0.25019999999999976
-1.1947,-0.816425,-0.19872500000000004
-1.26175,-1.1587999999999998,-0.16162500000000035
-0.696715,-0.98401,-0.21307500000000035
-0.70868,-1.1731500000000001,-0.22265000000000024
-0.840365,-1.6089,-0.22982499999999995
-0.658405,-2.04465,-0.20924999999999994
-0.46208499999999997,-2.4732000000000003,11.607
-0.04429500000000003,-0.7254449999999999,-0.23349999999999937
-0.8690950000000001,-0.8116350000000001,-0.2797499999999995
-1.1851500000000001,-0.7948500000000001,-0.1795
-1.4437000000000002,-3.0526,9.787500000000001
-1.6687500000000002,-0.08857500000000007,-9.186599999999999
-1.4173499999999999,-0.31124999999999997,-9.1219
0.4956,-0.547075,-0.23942500000000022
-0.799665,-2.1117,8.1594
-0.75896,-1.8483,-0.23939999999999984
-1.0606499999999999,-0.8236049999999999,-0.24060000000000015
-1.0343,-1.245,-0.19152499999999995
-0.11850250000000001,-1.0487,-8.85615
-0.972045,-1.26415,-0.220275
-0.9241600000000001,-1.30965,10.058499999999999
-1.1875,-2.3966000000000003,-0.21075
-1.324,-3.13645,11.437
-0.06702749999999996,-0.006000000000000005,-0.23100000000000032
-0.579395,-0.6236824999999999,-0.24425000000000008
-0.8834600000000001,-3.76365,10.5825
-0.51236,-3.14355,9.68695
-0.213085,-2.16915,-0.25380000000000047
-0.7661450000000001,-2.4756,-0.22625000000000028
-0.78051,-2.8634500000000003,9.0046
-0.72784,-2.1548,-0.2561749999999998
-0.06224750000000001,-0.9097999999999999,7.1419
-0.773325,-0.47645,-7.4986
-0.811635,-0.835575,-0.23107499999999992
-0.876275,-1.2521499999999999,-0.24659999999999993
-1.0726,-1.4365,-0.2118749999999996
-1.0198999999999998,-1.5154999999999998,-0.2118500000000001
-1.2498,-1.7046999999999999,-0.24425000000000008
-1.0318999999999998,-2.2721,-0.26799999999999935
-1.2138499999999999,-1.3551,-0.29200000000000026
-1.26655,-0.6919200000000001,-0.2357499999999999
-1.55625,-3.27285,-0.27174999999999994
-1.48205,-2.6671500000000004,10.1105
-1.8316,-1.573,-0.21789999999999976
-1.88185,-1.0582500000000001,8.2432
-1.68075,-1.8578999999999999,-0.2477999999999998
-1.17795,-2.2697000000000003,-0.220275
-0.97685,-1.7382,-0.22865000000000002
-1.0678,-2.1045,-0.2346499999999998
-0.6512249999999999,-1.4844,-0.2298499999999999
0.3196175,-0.32083500000000004,-0.21189999999999953
-0.713475,-1.26175,-0.22865000000000002
-0.66798,-1.34315,-0.2370000000000001
-1.09175,-1.78845,-0.262
-1.41975,-2.6791,-11.334
-0.98641,-2.2601,-0.23350000000000026
-1.2616999999999998,-0.184355,-0.24799999999999978
-0.36392,-0.26216999999999996,-0.26699999999999946
-0.675165,-1.1180975,10.7305
-0.33279000000000003,-0.9648774999999999,9.7396
-0.409405,-1.3383500000000002,-9.51935
-0.648825,-2.0566,-9.4523
-0.55785,-2.3846,-0.22504999999999997
-0.629675,-1.53465,7.9655000000000005
-0.6129150000000001,-1.0678,-0.20707500000000012
-0.59855,-0.050277499999999975,-8.0972
-0.7445949999999999,-1.1444,-0.19872500000000004
-0.81403,-1.3527,-0.22982499999999995
-0.9505,-1.97045,-0.23459999999999992
-1.07735,-2.25775,-10.9845
-1.2497500000000001,-2.7078499999999996,-11.5685
-1.29525,-0.22985000000000005,-0.27524999999999933
-1.04385,-0.32321500000000003,10.961
-1.7526,-0.2681500000000001,10.818999999999999
-1.3407499999999999,-3.46685,10.355
-1.18995,-2.1883,9.504999999999999
-1.26415,-1.3599,-9.38525
-1.1109,-1.9991500000000002,8.5976
-1.1253,-2.3510999999999997,8.540099999999999
-0.9241600000000001,-1.54425,8.0876
-1.1899000000000002,-1.4269500000000002,-0.23102500000000004
-1.1013000000000002,-1.1300500000000002,-0.25259999999999994
-1.18275,-0.979215,-0.20350000000000024
-1.03905,-0.732625,-0.23102500000000026
-0.08618,0.09458249999999999,-0.23222499999999968
-1.2426,-2.04225,-10.381
-1.233,-3.0406500000000003,11.411000000000001
-1.2905000000000002,-2.42295,-0.22724999999999929
-1.43175,-1.1157,-0.25624999999999964
-0.0035824999999999885,-0.011969999999999953,-0.24675000000000002
-1.10615,-3.51945,-0.22750000000000004
-0.80445,-3.40935,-0.2298499999999999
-0.43574500000000005,-1.70945,-0.23465000000000025
-0.6536150000000001,-1.2019000000000002,-0.22505000000000042
-0.8236049999999999,-1.9656500000000001,-0.2537750000000001
-1.01755,-1.76455,-0.20589999999999975
-0.78769,-1.0199500000000001,-0.21430000000000016
-0.749385,-0.94571,-0.2214750000000001
-1.063,-1.0103499999999999,-0.22267500000000018
-0.8260000000000001,-0.7422,-0.2789250000000001
-1.0702,-0.09337500000000004,9.0429
-1.03905,-1.91295,9.72765
-0.766145,-2.0949,-0.22849999999999948
-0.65362,-2.0638,-0.24299999999999988
-0.83558,-1.82675,-0.2370000000000001
-1.003175,-0.30526,10.7235
-1.21625,-3.4979,-11.157
-0.802055,-3.4237,-0.17000000000000037
-0.926555,-2.24575,-9.35175
-0.04668249999999993,-1.0295,-8.6311
0.34114999999999995,-1.86745,-8.841750000000001
-1.0654,-2.2194000000000003,-0.3052499999999996
-0.543485,-1.91295,-0.2131000000000003
-0.6392500000000001,-2.0469999999999997,-0.1843499999999998
-0.5865800000000001,-1.90815,-9.0716
-0.8236049999999999,-2.0972999999999997,-0.2502000000000004
-0.8451550000000001,-1.4916,-0.23942499999999978
-0.8930400000000001,-1.2402,-0.27174999999999994
-1.1109,-1.9896,-0.254
-1.3168,-2.16915,-0.2155000000000009
-1.4485000000000001,-2.2649,-0.22975000000000012
-1.67115,-0.88825,-0.25749999999999984
-1.2833,-1.29525,-11.21
-1.1827,-3.6057,-0.24424999999999963
-1.4485000000000001,-4.14195,-0.19627499999999998
-0.828395,-2.6336500000000003,8.80345
-0.21548,-1.6543999999999999,-0.23942499999999978
-0.5386949999999999,-2.4301500000000003,-9.117149999999999
-0.787695,-2.04225,-0.23942499999999978
-0.7110749999999999,-1.5754000000000001,-0.24777499999999963
-0.54588,-1.05585,-0.201125
-0.5315099999999999,-0.7900849999999999,-0.24299999999999988
-0.574605,-0.94571,-0.2573749999999997
-0.66559,-1.3503500000000002,9.13865
-0.58179,-1.3790499999999999,-0.24175000000000058
-0.897825,-1.74775,-0.21649999999999991
-0.976835,-0.4584999999999999,-0.22500000000000053
-1.1229,-2.32235,-0.15100000000000025
-1.21865,-1.0318999999999998,-0.24524999999999997
-1.5203,-0.2406250000000001,-0.18299999999999983
-1.5945,-3.28485,-0.21075000000000044
-1.2067,-2.6839,9.11235
-1.3623,-1.6209,-0.19392500000000013
-1.6616,-1.76455,-0.2537999999999998
-1.4341499999999998,-2.4229000000000003,-0.24419999999999975
-1.00795,-1.6616,-8.3845
-0.742205,-1.05105,-0.2131000000000005
-0.658405,-1.0198999999999998,-0.22625000000000006
-0.34955,-0.78769,-0.25619999999999976
-0.502785,-1.822,-0.23940000000000028
-1.05585,-2.0398500000000004,-0.24299999999999988
-1.2091,-1.7166000000000001,9.5122
-1.6687500000000002,-1.9321000000000002,10.513000000000002
-1.91775,-2.18115,10.896
-1.49395,-0.8978250000000001,-0.2585000000000002
0.8583225000000001,-2.0877499999999998,-0.1964999999999999
-0.852335,-4.623200000000001,-0.24299999999999988
-1.15405,-3.8499,9.2823
-0.6081300000000001,-1.415,-0.25139999999999985
-0.42137499999999994,-0.75896,-0.23939999999999984
-0.68953,-2.1093,-0.25497499999999995
-1.0391,-2.5762,8.8514
-0.9289499999999999,-2.1738999999999997,-0.2023250000000001
-0.6991099999999999,-1.09895,-0.1999249999999999
-0.622495,-0.761355,-0.07185000000000019
-0.55785,-0.9768349999999999,-0.25857499999999956
-1.00795,-1.2761,-0.2310500000000002
-1.5203,-1.6855,-0.3064750000000003
-1.391,-2.71745,11.011
-1.37185,-2.4349,-0.24425000000000008
-0.782905,-1.55625,11.145
-1.1995,-1.0869499999999999,-0.2825000000000002
-1.6400000000000001,-3.9313,-0.21674999999999978
-1.3168,-4.0916999999999994,-0.2274999999999996
-1.5538500000000002,-0.5075749999999999,8.8849
-1.3144,-2.0972999999999997,-0.25139999999999985
-1.23545,-2.3894,8.3917
-1.34795,-2.7318,-0.23942500000000022
-1.19235,-1.9991499999999998,-0.27295000000000025
-0.91698,-1.49635,-0.24540000000000006
-0.7781149999999999,-1.13725,-0.22865000000000002
-0.972045,-1.1995,-0.23462499999999964
-1.0989499999999999,-0.8571249999999999,-8.889700000000001
0.1424525,-1.25935,9.454699999999999
-0.7302299999999999,-0.7589674999999999,-0.25499999999999945
-0.996005,-2.44925,11.279
-0.794875,-2.8515,-0.2432500000000002
-1.0702,-0.13527499999999998,-0.23575000000000035
0.6117300000000001,-2.0111499999999998,10.625499999999999
-0.11013,-4.1779,-0.22849999999999948
-0.41659,-3.4547999999999996,-0.20350000000000001
-0.162805,-2.1189,8.5521
0.13647,-1.62805,-0.1987000000000001
0.9037975,-2.1069,-8.9208
-0.52672,-2.67195,-0.25975000000000037
-0.407015,-2.1475999999999997,-0.18794999999999962
-0.35913,-1.403,-0.25617500000000026
-0.136465,-1.1181,7.94395
-0.36631499999999995,-0.521935,-0.22865000000000002
0.3232125,-1.0965,-0.2298499999999999
-0.514755,-1.3407499999999999,-0.22504999999999997
0.469255,-1.8961999999999999,-0.30125
-1.05345,-3.4021999999999997,11.674
-1.1085500000000001,-2.4205500000000004,-0.16875000000000018
0.019125000000000003,-1.4269500000000002,-0.2092499999999995
0.778125,-3.1172500000000003,10.560500000000001
-0.8451500000000001,-3.1005000000000003,-10.6205
-1.0486499999999999,-2.2266000000000004,-0.22624999999999984
-1.50115,-2.0135,-0.2346500000000007
0.532725,-2.7629,8.74365
0.71945,-0.7074750000000001,8.6694
-0.96486,-2.0206999999999997,-0.2214499999999997
-0.6608,-1.1803,7.3622
-0.964865,-1.2809,-0.17835000000000023
-0.9888049999999999,-1.0726,-8.2073
-0.919375,-1.46525,-0.24542500000000045
0.19275000000000003,-1.56105,-0.28012499999999996
-0.97683,-1.913,-0.23944999999999972
-0.9912000000000001,-2.3056,-0.2120000000000002
-0.881065,-2.2434000000000003,-0.21674999999999978
-1.04865,-1.3479,10.793
-0.521935,-1.16121,-11.418
-0.97444,-4.7453,10.544
-0.6344650000000001,-3.632,9.76595
-0.0670375,-2.78925,9.6558
-0.5482750000000001,-3.1795,9.5481
-1.3671,-3.3519,-0.21187500000000004
0.464475,-2.5594,-0.2238500000000001
-1.26655,-1.70705,-7.62315
-1.0654,-0.715865,-0.22625000000000006
-1.2019000000000002,-0.749385,7.469900000000001
-0.95529,-1.2736999999999998,-0.23462499999999942
-1.01995,-1.9824000000000002,-0.25497499999999995
-1.6065,-2.6528,-0.2237499999999999
-1.4915500000000002,-2.1883,10.216000000000001
-1.4198,-2.35825,-0.21299999999999963
-1.4533,-2.1643499999999998,-0.22025000000000006
-1.4628999999999999,-0.785295,10.8965
-1.6496,-1.9991500000000002,10.6875
-1.4078,-3.54585,10.623000000000001
-1.24975,-2.4421,-0.22504999999999997
-1.55865,-1.62805,-0.21547500000000008
-1.92255,-1.97765,-0.23702500000000004
-1.834,-2.49235,-0.24782499999999974
-1.403,-0.108925,-0.24539999999999984
-0.93613,-1.50115,-8.26715
-1.10135,-1.3575,-0.22982500000000017
-1.25695,-1.1636000000000002,-0.2789250000000001
-1.4485000000000001,-1.25455,-8.9878
-1.2929,-1.0367,-9.4284
-1.2833,-0.3591250000000001,-0.2559999999999998
-1.2594,-0.6009249999999999,-0.21325000000000038
-1.0606499999999999,-2.2672999999999996,-0.24075000000000024
-0.986395,-1.3144,-0.2525000000000004
-0.56743,-0.7302299999999999,-0.23225000000000007
-0.9385300000000001,-2.4684,-0.23699999999999966
-1.1157,-3.86665,9.844999999999999
-0.7182649999999999,-2.94725,-0.22865000000000002
-0.23942000000000002,-1.84595,8.702950000000001
-0.675165,-2.3773999999999997,-0.27890000000000015
-1.46045,-2.1644,8.0421
-1.25695,-1.4724,7.8123000000000005
-1.1061,-1.0439,-0.23465000000000025
-0.84755,-0.5746100000000001,-0.22144999999999992
-0.7972699999999999,-1.4557,-0.2502000000000004
-0.857125,-1.1923,-0.26695
-1.0678,-1.3144,-10.168
-1.1875,-1.59695,10.096
-1.3958,-2.2266,-0.23249999999999993
-1.33355,-2.49475,11.437000000000001
-0.13284999999999997,-1.35035,11.181000000000001
-1.31685,-0.6847449999999999,-0.2742499999999999
-1.6951,-2.885,10.8915
-1.8172,-3.8547000000000002,10.031500000000001
0.275325,-2.0159000000000002,-0.22622500000000034
-1.55625,-1.7406000000000001,8.362950000000001
-1.84115,-2.4516999999999998,8.14745
0.3268000000000001,-2.21225,-0.22985000000000033
-1.2689,-1.80045,-0.24180000000000001
-1.0894,-1.59455,-0.258575
-1.0318999999999998,-1.1731500000000001,-0.20710000000000006
-1.1229,-0.9720599999999999,-0.23819999999999997
-1.233,0.17119,-0.23582499999999973
-1.34315,-0.06822500000000004,-9.68215
-1.1899,-2.4013999999999998,-0.22150000000000025
-0.9505,-2.6743,-0.21800000000000042
-0.972045,-1.99435,-0.22974999999999968
-0.81403,0.13407499999999997,-10.7835
-0.5674250000000001,-1.18995,-0.24049999999999994
-1.1875,-0.545875,-10.805
-1.1612,-2.13565,9.256
-0.50039,-1.3647,9.0094
-0.22744999999999999,-0.7505925,-0.2190749999999997
-0.72784,-3.0526,-9.64385
-0.89064,-2.78685,-0.23822499999999946
-0.6129150000000001,-1.38145,-0.22507499999999991
-0.59855,-0.97685,-0.23582500000000017
-0.687135,-0.96965,-0.26095
-0.9121900000000001,-1.21625,-0.24419999999999975
-1.10135,-1.8603,9.5816
-1.3024,-1.8316,9.96705
-1.391,-2.1835500000000003,-0.23349999999999937
-1.3312,-1.9249,-0.2512500000000002
-1.22585,-0.0287305,-0.2357499999999999
-1.4628999999999999,-1.6496,10.8575
-1.43655,-3.0885,10.293
-1.3384,-2.4756,-0.23702500000000004
-1.37665,-1.75735,-0.2382249999999999
-1.61845,-2.3966,-0.22505000000000042
-1.5682,-0.35195000000000004,-0.2010999999999994
-1.3407499999999999,-0.360325,-0.2357999999999998
-1.0439,-2.0374499999999998,-0.24180000000000001
-0.93374,-1.5443,-8.73885
-0.033550000000000024,-1.1947,-0.25857499999999956
-1.38385,-0.9936100000000001,-0.25500000000000034
-1.5323,-1.41975,-0.22147500000000075
-1.6400000000000001,-0.08620000000000005,-0.2226250000000003
-1.6376,-2.3846,-10.802999999999999
0.23107500000000003,-2.1643499999999998,10.525
-1.482,-1.4772,-0.2682500000000001
-1.6137,-0.47404999999999997,-0.23324999999999996
-1.37425,-1.3502999999999998,-0.23924999999999974
-2.138,-2.8539,-10.5535
-1.50835,-2.4444999999999997,9.3422
-0.6344650000000001,-1.494,-0.233425
0.064643,-1.62805,-0.25857499999999956
-0.41179999999999994,-2.4061500000000002,-0.2609999999999997
-1.0415,-0.76375,-0.2310249999999998
-0.794875,-1.59455,-0.26454999999999984
-1.00316,-1.18035,7.7979
-0.93374,-1.0247,-0.2681499999999999
-0.77572,-0.85473,-9.1123
-1.1755499999999999,-1.3144,9.42595
-1.30005,-1.5634000000000001,-0.26465000000000005
-1.39105,-1.5179,-10.680499999999999
-1.5251000000000001,-1.63045,-0.23225000000000007
-1.2353999999999998,-0.93374,-0.20800000000000018
-1.37185,-0.1292855,-10.6565
-1.6759499999999998,-1.2402,10.094000000000001
-1.561,-2.8634500000000003,-0.23954999999999949
-1.41975,-2.7653499999999998,-0.233425
-1.6113,-2.3966000000000003,9.234449999999999
-1.4054000000000002,-2.79405,9.323
-1.23305,-2.3846,-0.2226499999999998
-0.948105,-1.9177499999999998,-9.502600000000001
0.64525,-2.08535,-0.18915000000000015
-0.682345,-1.5179,-0.2382249999999999
-1.01275,-1.04865,-0.24780000000000024
-1.11095,-1.42215,8.31025
-1.1229,-1.3502999999999998,8.5497
-1.2138499999999999,-1.8052000000000001,9.117149999999999
-1.08215,-1.81955,9.8186
-0.998365,-1.34315,-0.21550000000000002
-1.0894,-0.9504950000000001,-0.23475000000000001
-0.5363,-0.11012999999999998,-0.22875000000000023
-0.914585,-1.92015,-0.2287499999999998
-1.00315,-3.44765,-0.19725000000000037
-0.565035,-2.6456,-0.24909999999999988
-0.38068,-1.6040999999999999,-0.23942499999999978
-0.608125,-0.47643250000000004,-0.245425
-1.49635,-1.89625,-8.858550000000001
-1.44135,-1.3575499999999998,-0.2442249999999997
-1.2474,-1.1204999999999998,-0.2501750000000005
-1.50355,-1.2139,-0.23939999999999984
-1.30725,-1.46765,-9.23685
-1.2353999999999998,-1.8603,-0.2514000000000003
-1.50835,-2.42295,9.1842
-1.6616,-2.74135,9.4499
-1.2856999999999998,-2.12125,-0.24294999999999956
-1.1516000000000002,-0.430955,10.1705
-1.0630000000000002,-1.43415,-0.22150000000000025
-1.69985,-3.61285,-0.2324000000000006
-1.3503500000000002,-2.20505,-0.23465000000000025
-1.142,-0.294485,-0.24782500000000018
-0.1280925,0.1125275,-0.2525750000000002
-1.02471,-3.11245,-0.25857499999999956
-1.01995,-3.2609000000000004,-0.2202499999999996
-1.26655,-1.25695,-0.22147499999999987
-1.7382,-1.62325,-0.2130500000000004
-1.6926999999999999,-2.5594,-9.88565
-1.08215,-0.902615,-0.2668750000000002
-1.2881,-1.9608500000000002,-0.24182499999999996
-1.415,-2.1931,9.80905
-1.5274999999999999,-1.83395,-10.043600000000001
-1.0894,-0.23820000000000002,-0.2274999999999996
-0.5674250000000001,-1.3215875,-0.23100000000000076
-1.05345,-3.40455,-0.2370249999999996
-1.3622999999999998,-1.3647,-0.21550000000000047
-0.9505,-1.2018499999999999,-0.2514000000000003
-1.2904499999999999,-2.3152,-0.2609499999999998
-1.8148,-1.67115,-0.2561749999999998
-1.7692999999999999,-2.00875,-9.2608
-1.13245,-1.9943500000000003,-0.2190749999999997
-1.3336000000000001,-2.05185,-0.2418249999999995
-1.00795,-2.58575,-0.24045000000000005
-0.89783,-2.95205,-0.20250000000000057
-0.845155,-2.3200000000000003,9.47625
-0.605735,-2.55465,-0.25260000000000016
-0.30167,-2.1595500000000003,-0.2274750000000001
-0.24899500000000002,-1.7214,-0.21784999999999988
1.0091425,-1.9465,-0.27529999999999966
-0.617705,-2.1093,-0.2200000000000002
-1.0726,-3.12445,10.676
-1.2594,-4.73335,-0.19999999999999973
-1.98,-4.1754999999999995,-0.25017500000000004
-1.58495,-2.8156,8.1906
0.702705,-2.3152,-0.24780000000000046
1.24380225,-1.249759,-0.2274499999999997
-0.17478,-3.4285,-0.20830000000000037
-0.383075,-3.35905,8.7987
-0.54109,-2.3846499999999997,-0.23942499999999978
-0.7182649999999999,-2.2529500000000002,8.17145
-1.04865,-0.532725,-0.2525750000000002
-1.3336000000000001,-2.78925,8.99265
-1.5634000000000001,-2.6552,9.033349999999999
-1.75495,-2.8898,-0.18314999999999992
-2.08535,-2.7485,9.538499999999999
-1.5706,-2.7797,9.85455
-1.0007549999999998,-0.9181775000000001,9.80425
-0.9289499999999999,-2.86825,-0.20245000000000024
-0.8858550000000001,-2.94725,-0.20832499999999943
-1.403,-2.00635,-0.23340000000000005
-1.4485000000000001,-3.8044000000000002,-0.27049999999999974
-1.5562,-3.94325,10.573
-1.78605,-3.70385,-0.2336750000000003
-0.960075,-2.5355,-0.19272500000000026
-0.0981645,-1.7382,-0.21547500000000008
-0.0167595,-1.91535,-0.2549999999999999
-0.40462,-1.86265,8.2432
-0.517145,-2.1452,8.415600000000001
-0.81163,-2.49235,-0.21067499999999972
-1.09175,-2.1069,-0.18794999999999984
-0.89543,-0.25618,-0.23822500000000035
-0.658405,-1.5179,9.1578
-0.27054500000000004,-1.8148,-0.1795750000000007
-0.174775,-1.9727999999999999,-0.19992500000000035
-0.27054500000000004,-1.57055,-0.22627499999999978
-0.25617999999999996,-2.0207,-0.24190000000000023
-0.27532999999999996,-2.03265,-0.21800000000000042
-0.46687,-1.3216,-0.21674999999999978
-0.845155,-0.4560875,-0.2465000000000006
-0.873885,-4.07735,10.244499999999999
-0.40222499999999994,-3.56975,9.504999999999999
-0.58179,-2.69345,-0.21427499999999977
-0.47166,-2.5138999999999996,-0.20469999999999988
-0.4118,-3.39735,-9.366150000000001
1.42455,-3.31835,8.90405
-0.28730500000000003,-2.2984,8.588000000000001
-0.23702499999999999,-2.1308499999999997,-0.2597750000000003
-0.52912,-1.968,-8.9926
-0.749385,-2.0542,-0.23224999999999962
-0.7709299999999999,-1.8531499999999999,-0.23224999999999962
-1.04625,-1.6544,8.576049999999999
-0.9361349999999999,-2.2266500000000002,-0.23345000000000038
-1.0367,-2.2338,-9.663
-0.7972699999999999,-2.5259,-10.0485
-0.486025,-2.3463000000000003,9.6079
-0.6655850000000001,-2.5666,-10.168
-0.51715,-2.24335,-0.21772500000000017
-0.5937600000000001,-1.8411499999999998,-0.2165499999999998
-0.761355,-1.1396375,-0.25124999999999975
-0.6512249999999999,-4.69505,10.527
-0.368705,-3.5554,9.39485
-0.184355,-2.5091,-0.23702500000000049
0.079009,-2.07335,-0.23942499999999978
0.081403,-2.2338,-0.21067500000000017
-0.0981605,-2.7102,-0.1733750000000005
-0.390255,-2.64555,9.4619
-0.32561,-2.2864500000000003,-0.23462499999999986
-0.13885999999999998,-1.8579,-0.23944999999999972
-0.31364000000000003,-1.2856999999999998,-0.20352499999999996
-0.126895,-1.4724,-0.2502
0.18196,-1.83875,-0.21787500000000026
0.229845,-1.60175,-0.2406250000000001
0.0287305,-0.90022,-0.22387500000000005
-0.373495,-0.034714999999999996,-0.2634999999999992
-0.82121,-3.4907500000000002,-0.21924999999999972
-1.4078,-3.7708500000000003,-0.2190000000000003
-1.2785000000000002,-2.4852,9.2368
0.542305,-1.7717,-0.2490000000000001
-0.2897,-2.4899500000000003,8.6646
-0.258575,-2.57855,-0.220275
-0.54348,-2.2242,-0.22987499999999983
-0.88346,-2.74615,-0.24422500000000014
-0.96965,-3.11965,-0.2465250000000001
-1.3288,-2.715,9.40685
0.64405,-2.4564500000000002,9.019
-0.8260000000000001,-2.1212999999999997,-0.24659999999999993
-0.8260000000000001,-0.5482699999999999,-9.44515
-0.8236049999999999,-0.9301375,9.09795
-0.778115,-2.25535,-0.24180000000000001
-0.7422,-2.40375,9.1578
-0.8499400000000001,-2.6528,-0.20829999999999949
-1.0104,-2.7078499999999996,9.1985
-1.25935,-3.3350999999999997,9.36135
-1.4485000000000001,-3.1747,9.2416
-1.48205,-3.1699,9.07885
-1.391,-2.988,8.894449999999999
-1.6687500000000002,-2.7773000000000003,-0.25139999999999985
-1.46285,-2.82995,-0.21667499999999995
-1.46765,-3.0143,-0.23224999999999962
-1.3144,-2.8443,-0.21909999999999963
-1.1851,-2.92335,-0.22862500000000008
-1.2929,-2.94245,9.007
-1.38385,-3.23215,-0.2513749999999999
-1.2090999999999998,-3.32795,9.0764
-0.806845,-3.0549999999999997,8.77235
-1.0055800000000001,-2.5067500000000003,-0.2538
-0.931345,-2.53545,-0.20832499999999987
-0.7110799999999999,-2.3941999999999997,-0.23232500000000034
-0.7900849999999999,-2.3941999999999997,-0.21432499999999965
-0.7038949999999999,-2.15955,-0.22989999999999977
-0.823605,-2.37265,9.5289
