0.149625,-0.18437500000000007,-0.21787499999999982
0.21785000000000004,-0.22025,-0.2548750000000002
0.294475,-0.30407249999999997,-0.25619999999999976
0.31602749999999996,-0.33157,-0.25622500000000015
0.44530000000000003,-0.47645250000000006,-0.2501500000000001
0.3758925,-0.41419249999999996,-0.22507499999999991
0.2801275,-0.2945025,-0.22504999999999953
0.2561825,-0.2884875,-0.2561749999999998
0.35672,-0.372305,-0.23462499999999986
0.3543425,-0.40100749999999996,-0.2299250000000006
0.30524249999999997,-0.3411775,-0.22752499999999998
0.33157499999999995,-0.3747125,-0.23465000000000025
0.3938475,-0.3962375,-0.2441999999999993
0.4297575,-0.4549099999999999,-0.26454999999999984
0.33877,-0.397455,-0.21547500000000008
0.4572775,-0.4704675,-0.2502000000000004
0.5159525,-0.5099525,-0.22625000000000028
0.3627250000000001,-0.3938499999999999,-0.2573749999999997
0.3938275000000001,-0.43695249999999997,-0.26224999999999987
0.4501125,-0.4824175,-0.2586499999999998
0.377085,-0.39862000000000003,-0.24419999999999975
0.27174499999999996,-0.3387775,-0.26934999999999976
0.38188249999999996,-0.4321625,-0.24422500000000014
0.4357425,-0.4704649999999999,-0.2130749999999999
0.641645,-0.6464425,-0.2490749999999995
0.45251500000000006,-0.5039775,-0.2406250000000001
0.2837,-0.33519999999999994,-0.2357499999999999
0.20710000000000006,-0.24182499999999996,-0.22862499999999963
0.10054999999999997,-0.137675,-0.26934999999999976
0.08737499999999998,-0.10054999999999997,-0.21667499999999995
0.1664125,-0.1807675,-0.2645500000000003
0.17957499999999998,-0.239405,-0.2094999999999998
0.05984999999999996,-0.09454999999999997,-0.2633749999999999
0.12567499999999998,-0.15204999999999996,-0.24182499999999996
0.06345,-0.086225,-0.21784999999999988
0.09219999999999995,-0.1281,-0.23112500000000047
0.172375,-0.19870000000000004,-0.23937499999999945
0.14604999999999996,-0.18795,-0.20954999999999968
0.20229999999999998,-0.2562,-0.22867499999999996
0.23104999999999998,-0.2813,-0.25985000000000014
0.2801249999999999,-0.296875,-0.2250999999999994
0.34354999999999997,-0.40101999999999993,-0.2536750000000003
0.2705375,-0.28730999999999995,-0.2238500000000001
0.274125,-0.30407499999999993,-0.23465000000000025
0.2968750000000001,-0.33279499999999995,-0.23222499999999968
0.1400749999999999,-0.19272500000000004,-0.23225000000000007
0.12687500000000002,-0.15442499999999992,-0.23462499999999986
0.21547499999999997,-0.22027500000000005,-0.21427499999999977
0.15442499999999998,-0.19272499999999998,-0.2514000000000003
0.17239249999999998,-0.20589249999999995,-0.2490000000000001
0.14244999999999997,-0.19035000000000002,-0.2130999999999994
0.17120000000000002,-0.18674999999999997,-0.21067500000000017
0.197525,-0.21787499999999999,-0.24060000000000015
0.33519,-0.3699125,-0.2597750000000003
0.3028750000000001,-0.317225,-0.23582499999999973
0.19155,-0.24659999999999999,-0.26220000000000043
0.092175,-0.11252499999999999,-0.2503249999999997
0.20111,-0.23103999999999997,-0.24552500000000022
0.44770499999999996,-0.483635,-0.24424999999999963
0.5387,-0.537485,-0.2585250000000001
0.48123250000000006,-0.50037,-0.232275
0.3986275,-0.4297775,-0.24659999999999993
0.341175,-0.37588499999999997,-0.21787500000000026
0.26095000000000007,-0.28968249999999995,-0.22625000000000073
0.3591225,-0.39743,-0.2525750000000002
0.2992825,-0.34716250000000004,-0.22147499999999987
0.3794675,-0.44053000000000003,-0.23942499999999978
0.5063774999999999,-0.5147375,-0.26327500000000015
0.36392250000000004,-0.4106225,-0.2107000000000001
0.38546499999999995,-0.41780000000000006,-0.24182499999999996
0.46566,-0.4812425,-0.23097499999999993
0.2070825,-0.22507749999999996,-0.26444999999999963
0.23344750000000003,-0.2777275,-0.26807500000000006
0.177165,-0.22265500000000005,-0.1855500000000001
0.324395,-0.37111,-0.25007500000000027
0.07780499999999996,-0.12210499999999999,-0.22025000000000006
0.101745,-0.16042499999999998,-0.22275
0.3782975,-0.38308,-0.21425000000000027
0.47524500000000003,-0.4979875,-0.25732499999999936
0.226255,-0.2681525,-0.23347500000000032
-0.007182500000000008,-0.05387249999999996,-0.23222499999999968
-0.06465000000000001,0.06824999999999998,-0.25975000000000037
-0.2645475,0.217885,-0.2298499999999999
-0.30885225,0.2645575,-0.2741500000000001
-0.10055499999999999,0.06105249999999998,-0.21189999999999998
0.026347499999999968,-0.07184000000000001,-0.25497499999999995
-0.126895,0.11373750000000002,-0.24659999999999993
-0.155625,0.14006250000000003,-0.2178750000000007
-0.028732500000000008,-0.019154999999999978,-0.22624999999999984
0.07781125,-0.1101365,-0.23107500000000059
0.0861905,-0.125695,-0.2753749999999999
0.3675175,-0.4070275,-0.24300000000000033
0.560245,-0.6152924999999999,-0.24524999999999997
0.3219999999999999,-0.33280000000000004,-0.22275
0.149625,-0.17357499999999998,-0.27645000000000053
-0.04189999999999999,-0.011974999999999958,-0.25849999999999973
0.4057999999999999,-0.46684999999999993,-0.2250000000000001
0.49202500000000005,-0.5398750000000001,-0.2370000000000001
0.699105,-0.7421949999999999,-0.21457499999999952
0.3399725,-0.36272250000000006,-0.22147499999999987
-0.117318,0.08978249999999999,-0.245425
0.23104,-0.2932875,-0.26097499999999973
0.4178075,-0.46207499999999996,-0.220275
0.47764249999999997,-0.5171600000000001,-0.26097499999999973
0.56383975,-0.5722095,-0.23222499999999968
0.23822499999999996,-0.25019500000000006,-0.23225000000000007
0.11133000000000001,-0.16280499999999998,-0.2477999999999998
0.36510250000000005,-0.384285,-0.2310249999999998
0.288505,-0.319625,-0.21789999999999976
0.357935,-0.3974455,-0.24437500000000023
0.4453235,-0.506375,-0.2609999999999997
0.6272840000000001,-0.6727525000000001,-0.25124999999999975
0.4836325000000001,-0.503965,-0.2382500000000003
0.6536175,-0.6847225000000001,-0.26824999999999966
-0.233435,0.17717750000000004,-0.2240000000000002
-0.66679,0.624885,-0.2344999999999997
-0.16277500000000006,0.1340749999999999,-0.2296999999999998
-0.04670000000000002,0.01915,-0.233425
-0.23822500000000002,0.22744999999999999,-0.26575000000000015
-0.35434999999999994,0.36031500000000005,-0.25017500000000004
-0.03950250000000001,-0.05147499999999999,-0.2525750000000002
0.2681575,-0.3124375,-0.19752499999999973
0.2909,-0.310075,-0.22865000000000046
-0.11371999999999996,0.08260500000000001,-0.24300000000000033
-0.08498499999999992,0.05985750000000001,-0.2310249999999998
-0.23581999999999997,0.19152999999999998,-0.24302499999999982
0.002395000000000036,-0.019150000000000056,-0.26695
0.2968825,-0.3184325,-0.25260000000000016
0.06703499999999997,-0.10295249999999999,-0.22375000000000034
0.428555,-0.4525175,-0.25349999999999984
0.573425,-0.64284,-0.25375000000000103
0.3818575,-0.43573249999999997,-0.250249999999999
-0.1891425,0.14604500000000004,-0.26350000000000096
0.7745025,-0.8248,-0.2394999999999996
1.2533675000000002,-1.2677299999999998,-0.19999999999999973
0.567425,-0.5686175,-0.21070000000000055
-0.543485,0.5255275,-0.21787500000000026
-0.5674250000000001,0.5063725,-0.27292499999999986
0.41659500000000005,-0.47164999999999996,-0.2525999999999997
0.52313,-0.5817975,-0.2238500000000001
0.10534000000000002,-0.1472325,-0.25500000000000034
-0.11252750000000003,0.05387,-0.22384999999999966
0.025139999999999996,0.005985000000000018,-0.22625000000000028
0.08499499999999997,-0.12330250000000002,-0.24542499999999956
0.2466025,-0.27294,-0.2537750000000001
0.019152500000000003,-0.044295,-0.24189999999999934
0.23822999999999997,-0.278915,-0.2560000000000002
0.5350975,-0.6129275,-0.2344999999999997
0.8116475,-0.840371,-0.2729999999999988
-0.055067000000000005,1.3877787807814457e-17,-0.2404999999999995
0.031122500000000053,-0.09337499999999999,-0.25724999999999953
0.7446124999999999,-0.7553575,-0.2264999999999997
0.46687749999999995,-0.5015925,-0.23569999999999958
-0.38785499999999995,0.35194499999999995,-0.25737500000000013
-0.247785,0.22144999999999998,-0.24300000000000033
0.377075,-0.38664999999999994,-0.22875000000000023
0.6452174999999999,-0.6632075000000001,-0.20112499999999978
0.7039,-0.7194625,-0.27174999999999994
0.48123999999999995,-0.53868,-0.2645500000000003
-0.05506250000000004,0.032299999999999995,-0.233425
-0.456105,0.4465199999999999,-0.22625000000000006
-0.5051725,0.47764249999999997,-0.2513749999999999
-0.44175250000000005,0.4094,-0.2645749999999998
-0.08499250000000003,0.021547500000000025,-0.2132499999999995
0.25617,-0.28490000000000004,-0.21674999999999978
0.8020750000000001,-0.8283825,-0.2287499999999998
0.08499374999999999,-0.13407475,-0.262
0.6201,-0.6739575,-0.23099999999999987
1.54427,-1.55263,-0.22850000000000037
1.1228764999999998,-1.1815250000000002,-0.21649999999999991
0.38786000000000004,-0.4141975,-0.21187500000000004
0.24420999999999998,-0.28371250000000003,-0.24540000000000006
0.37829500000000005,-0.404625,-0.22267499999999973
0.39625250000000006,-0.43454249999999994,-0.2561999999999993
0.17237999999999998,-0.18316749999999998,-0.22625000000000028
-0.23941999999999997,0.16759500000000005,-0.24537499999999968
-0.4632775,0.44053475000000003,-0.2442249999999997
-0.25977249999999996,0.22982999999999998,-0.25377499999999964
0.008382499999999987,-0.03471499999999997,-0.26695
0.02035250000000001,-0.09936,-0.2501500000000001
0.10893749999999999,-0.14245499999999997,-0.21300000000000052
0.0789999999999999,-0.140075,-0.2274999999999996
0.45130000000000003,-0.48602500000000004,-0.23699999999999966
0.08500000000000002,-0.120925,-0.2657499999999997
-0.9756475,0.8930245,-0.28749999999999964
-0.4692775,0.41539999999999994,-0.24524999999999952
0.6189000000000001,-0.6224750000000001,-0.19274999999999975
0.24780000000000002,-0.25617500000000004,-0.2238500000000001
-0.40102249999999995,0.3746925,-0.2562000000000002
-0.30765750000000003,0.24779250000000003,-0.271725
0.0407025,-0.11372499999999999,-0.24659999999999993
-0.125695,0.09816249999999999,-0.22982499999999995
-0.31484999999999996,0.2765125,-0.22384999999999966
0.16280499999999995,-0.16399999999999998,-0.22504999999999997
0.4189975,-0.46568,-0.2310249999999998
1.0738050000000001,-1.0941575000000001,-0.21430000000000016
1.0426750000000002,-1.0750025,-0.25144999999999973
-0.080205,0.03710500000000003,-0.21787500000000026
-0.35433749999999997,0.3268175,-0.2333750000000001
-0.26216,0.22147,-0.23950000000000005
-0.11372499999999999,0.06343750000000001,-0.2501000000000002
0.26337999999999995,-0.29329,-0.23830000000000018
-0.385464,0.35793125,-0.2585000000000002
-0.08020749999999996,-0.007164999999999977,-0.23100000000000032
0.762575,-0.788875,-0.2057500000000001
0.799655,-0.8200075000000001,-0.2224999999999997
0.5578635,-0.5997574999999999,-0.20374999999999988
0.702685,-0.7458096000000001,-0.2719999999999998
1.10611,-1.1647825,-0.23455000000000004
0.682345,-0.6991175,-0.22504999999999953
-0.022744999999999987,0.027532499999999988,-0.22504999999999997
-0.37229775,0.32681,-0.24422499999999991
-0.30286789999999997,0.258575,-0.2406250000000001
-0.316035,0.29686999999999997,-0.22147499999999987
0.009577500000000017,-0.02394249999999995,-0.2406250000000001
0.04548750000000004,-0.06583749999999997,-0.2692999999999999
0.26577500000000004,-0.30047500000000005,-0.22599999999999998
0.35911250000000006,-0.4046425,-0.22849999999999993
0.3854525000000001,-0.41300000000000003,-0.20474999999999977
-0.2250625,0.20951250000000002,-0.21674999999999978
0.02277499999999999,-0.06225000000000003,-0.25150000000000006
1.037875,-1.0415,-0.2237499999999999
0.687135,-0.7386050000000001,-0.23587500000000006
0.06942500000000001,-0.08857499999999996,-0.2382249999999999
0.07062999999999998,-0.10773999999999999,-0.2107000000000001
0.8379825,-0.8595225,-0.24650000000000016
0.7026800000000001,-0.7338075000000001,-0.22265000000000024
0.5243325000000001,-0.59256,-0.23342499999999955
1.0355017499999999,-1.063031,-0.23104999999999976
1.1671574999999998,-1.194706,-0.2657750000000001
1.078575,-1.1180905,-0.2729499999999998
0.49799499999999997,-0.5542450000000001,-0.2477750000000003
0.23104999999999992,-0.24419999999999997,-0.2513749999999999
0.377075,-0.421375,-0.2873249999999996
0.52915,-0.582975,-0.2357499999999999
0.96125,-0.9912000000000001,-0.26575000000000015
0.6248724999999999,-0.6380650000000001,-0.2499999999999991
-0.10414999999999999,0.06703,-0.22275
0.6871525,-0.746995,-0.22875000000000023
1.05942,-1.1133099999999998,-0.24659999999999993
0.843975,-0.8894517500000001,-0.21667499999999995
0.47764425,-0.515943,-0.23104999999999976
0.45969000000000004,-0.5482965,-0.2597750000000003
0.9349375,-0.9720475,-0.23942500000000022
0.9756225,-0.9780425000000001,-0.20829999999999993
0.4034150000000001,-0.42018,-0.2597750000000003
0.20709999999999995,-0.2322475,-0.2466250000000001
0.062275000000000025,-0.07182499999999997,-0.23222500000000013
-0.07302249999999999,0.040702499999999975,-0.2502000000000004
-0.414195,0.38307749999999996,-0.2657750000000001
-0.32083,0.32682,-0.24422500000000014
0.33757499999999996,-0.35074249999999996,-0.2490000000000001
0.7601524999999999,-0.81281,-0.21925000000000017
1.3275774999999999,-1.32158,-0.1927500000000002
0.207095,-0.21666749999999999,-0.23825000000000074
0.869075,-0.9337275,-0.2682500000000001
1.241395,-1.2916699999999999,-0.23124999999999973
0.6057525,-0.597375,-0.252675
-0.199915,0.17356749999999996,-0.2548999999999997
0.020350000000000007,-0.07182500000000003,-0.2597499999999999
0.35314499999999993,-0.37229,-0.24062499999999964
0.34834750000000003,-0.38068250000000003,-0.2801250000000004
0.08499499999999999,-0.1280875,-0.2490249999999996
-0.04070499999999999,-0.013164999999999982,-0.2609749999999995
-0.155615,0.1197,-0.22865000000000002
-0.27054249999999996,0.2453925,-0.2406250000000001
-0.20110000000000003,0.19152999999999995,-0.23225000000000007
0.050275000000000014,-0.100545,-0.2213750000000001
0.27655,-0.3459725,-0.22974999999999968
0.998365,-1.0139375,-0.2395000000000005
0.7254325,-0.73862,-0.2562499999999992
0.2597725,-0.31005499999999997,-0.22725000000000017
0.8978175,-0.9528975,-0.26725000000000065
0.521945,-0.5674100000000001,-0.25144999999999973
-0.037110000000000004,0.040699999999999986,-0.22507499999999991
-0.6919225,0.6775575,-0.25977499999999987
-0.31962749999999995,0.26935,-0.25617500000000026
0.2633499999999999,-0.295675,-0.24182499999999996
0.23822499999999996,-0.249,-0.23822500000000035
0.20710499999999998,-0.22864500000000001,-0.22504999999999997
0.294485,-0.33756749999999996,-0.23939999999999984
0.43694750000000004,-0.46569499999999997,-0.24180000000000001
0.42019749999999995,-0.46687749999999995,-0.2752499999999998
0.3519575,-0.3926474999999999,-0.25742500000000046
0.2011175,-0.2298325,-0.24535000000000018
0.07183000000000003,-0.07540499999999997,-0.22625000000000028
0.6153075,-0.6919250000000001,-0.20949999999999935
0.5590625,-0.5350975,-0.24400000000000022
-0.07781250000000003,0.07422000000000001,-0.2330000000000001
0.20829999999999996,-0.27535,-0.22875000000000068
0.8786824999999999,-0.9038075,-0.21912500000000001
0.3734925,-0.3938425,-0.21784999999999988
-0.26096850000000005,0.17597249999999998,-0.2717499999999995
0.3519399999999999,-0.3938475,-0.23342499999999955
0.9409450000000001,-0.97685,-0.19510000000000005
0.4106025,-0.440525,-0.26220000000000043
0.3830749999999999,-0.419,-0.23585000000000012
0.48602750000000006,-0.50875,-0.2406250000000001
0.8858525,-0.8918425000000001,-0.23819999999999997
0.9516849999999999,-0.984005,-0.2645499999999994
0.402235,-0.43694750000000004,-0.2561500000000003
-0.080205,0.04789250000000003,-0.25137500000000035
-0.0826,0.011974999999999958,-0.25004999999999944
0.5016000000000002,-0.531525,-0.23100000000000032
0.34357499999999996,-0.37229999999999996,-0.2907500000000005
-0.34356825,0.32201750000000007,-0.2682500000000001
0.2621675,-0.32202000000000003,-0.23350000000000026
1.109705,-1.1599875000000002,-0.23350000000000026
1.2473824999999998,-1.2833125,-0.23350000000000026
0.7960849999999999,-0.840375,-0.2526250000000001
0.6739550000000001,-0.6931125,-0.25017500000000004
0.6296625,-0.6823575,-0.2825249999999997
0.20232500000000003,-0.22862500000000002,-0.2657750000000001
0.10294999999999999,-0.12449999999999994,-0.18917499999999965
-0.2131,0.17118750000000005,-0.22745000000000015
-0.26216249999999997,0.228635,-0.21787499999999982
0.38067999999999996,-0.39383999999999997,-0.23702500000000004
0.34595,-0.3854875,-0.2681499999999999
0.47884250000000006,-0.5386825,-0.28847500000000004
0.6548050000000001,-0.6895375,-0.27275000000000027
0.7541775,-0.7733224999999999,-0.2502500000000012
0.16041500000000003,-0.20590249999999996,-0.2610000000000001
-0.669179,0.63086675,-0.22875000000000023
-0.06822500000000004,0.04310000000000003,-0.2322500000000005
0.06822499999999998,-0.09574999999999995,-0.2360999999999991
-0.28490000000000004,0.24659999999999999,-0.24312500000000004
-0.23465,0.21787500000000004,-0.2597499999999999
0.32320499999999996,-0.38786,-0.2669750000000004
0.5195474999999999,-0.5746,-0.22865000000000002
0.815225,-0.8690849999999999,-0.2992750000000002
0.5782125,-0.6009475,-0.21787500000000026
0.14605,-0.17477500000000007,-0.24660000000000037
0.12570000000000003,-0.134075,-0.26697499999999996
0.15203500000000003,-0.17477,-0.2382249999999999
0.15084000000000003,-0.1927175,-0.24419999999999975
0.5003675,-0.56385,-0.23839999999999995
0.83079,-0.853535,-0.23925000000000018
0.781705,-0.84274,-0.21074999999999955
0.05267250000000001,-0.08738750000000002,-0.28000000000000025
0.55786725,-0.6105205,-0.2537499999999997
1.0283125,-1.0893675,-0.2212500000000004
1.0103325,-1.0402775,-0.20707500000000012
0.7362099999999999,-0.77571,-0.24662499999999987
0.839165,-0.88465175,-0.24182499999999996
0.9313475,-0.9756250000000001,-0.22864999999999958
0.79489,-0.8391575,-0.23702500000000004
0.6703749999999999,-0.68954,-0.2513749999999999
0.325615,-0.36153250000000003,-0.27415000000000056
0.11971250000000003,-0.14245500000000003,-0.2514000000000003
0.16879250000000004,-0.19035000000000002,-0.2310500000000002
0.374705,-0.4201825,-0.2490000000000001
0.5063775,-0.5255225,-0.2322500000000005
0.48124000000000006,-0.50758,-0.24899999999999967
0.7134474999999999,-0.7589475,-0.23950000000000005
0.47166,-0.513555,-0.21650000000000036
-0.43335250000000003,0.39504100000000003,-0.23950000000000005
0.16159999999999997,-0.1652,-0.24774999999999991
1.0857525,-1.1073250000000001,-0.21549999999999914
0.824815,-0.8774599999999999,-0.23352499999999976
0.05265000000000003,-0.09937499999999994,-0.2490000000000001
-0.025150000000000006,-0.014374999999999971,-0.26697499999999996
0.7314324999999999,-0.7254525000000001,-0.2298499999999999
0.7194524999999999,-0.7709400000000001,-0.2645749999999998
0.19393499999999997,-0.24660250000000003,-0.25617500000000026
0.4932025,-0.5183325000000001,-0.22625000000000028
0.5339050000000001,-0.5925624999999999,-0.22624999999999984
0.3304025,-0.353125,-0.23702500000000004
0.28730249999999996,-0.284925,-0.2525750000000002
0.604525,-0.60215,-0.21925000000000017
0.5446749999999999,-0.586575,-0.24650000000000016
0.578175,-0.59975,-0.24074999999999935
0.47526250000000003,-0.5362875,-0.20000000000000018
-0.05985499999999998,0.035912499999999986,-0.2240000000000002
0.7386125,-0.7745175,-0.2847500000000003
1.2390175,-1.2856825,-0.2585000000000002
1.2928725,-1.3407575,-0.27900000000000036
0.8008425,-0.8798714999999999,-0.2513749999999999
0.9301632999999999,-0.93733225,-0.26692499999999963
1.1827425,-1.207875,-0.2621749999999996
0.75895,-0.81402,-0.22144999999999992
0.453705,-0.502785,-0.24660000000000015
0.43935,-0.4860375,-0.23584999999999967
0.23225,-0.26695250000000004,-0.23462499999999964
0.33399,-0.36870500000000006,-0.24899999999999967
0.10654250000000001,-0.13168250000000004,-0.24660000000000037
0.05506749999999999,-0.089785,-0.27172500000000044
0.1999125,-0.2442225,-0.24540000000000006
0.69909,-0.72065,-0.2549999999999999
0.021547500000000025,-0.09099000000000002,-0.22025000000000006
-0.5554525000000001,0.5231475,-0.2547499999999996
0.5267249999999999,-0.5435,-0.25975000000000037
0.7218499999999999,-0.7422,-0.2395000000000005
0.11012500000000003,-0.14845000000000003,-0.2393500000000004
-0.43454499999999996,0.39502249999999994,-0.22147499999999987
0.24777500000000002,-0.26454999999999995,-0.2777250000000002
0.58297,-0.59377,-0.2274499999999997
-0.0023999999999999577,-0.05982500000000002,-0.2573749999999997
-0.009575,-0.03232500000000005,-0.2022999999999997
0.6464375,-0.660795,-0.23705000000000043
0.7637499999999999,-0.7864899999999999,-0.21904999999999974
0.33999250000000003,-0.35673750000000004,-0.20107500000000034
-0.01196999999999998,-0.027532500000000043,-0.2490000000000001
-0.008379999999999999,-0.06703749999999997,-0.26217500000000005
0.1711875,-0.199895,-0.27167499999999967
0.2166725,-0.24540999999999996,-0.2562500000000001
-0.1520275,0.11015250000000004,-0.30400000000000027
-0.09696250000000001,0.05506750000000002,-0.2599999999999998
1.3252100000000002,-1.347945,-0.2587499999999996
2.00515,-2.01591,-0.22275
1.2844900000000001,-1.314405,-0.23822499999999946
0.22744250000000002,-0.2454075,-0.23822500000000035
0.24420000000000003,-0.25377500000000014,-0.2442000000000002
0.487225,-0.5351,-0.2645249999999999
0.4261425,-0.44052749999999996,-0.2130749999999999
0.17476750000000005,-0.22864249999999997,-0.22502500000000003
0.06224750000000001,-0.11493249999999999,-0.25139999999999985
0.14844000000000007,-0.15323250000000008,-0.245425
0.24301250000000002,-0.2561825,-0.23344999999999994
0.3519575,-0.33758,-0.2633749999999999
0.5207400000000001,-0.5698,-0.21184999999999965
0.6619975,-0.666785,-0.20819999999999972
0.5757875,-0.6488225,-0.2512249999999998
-0.27174210000000004,0.18195999999999996,-0.24312500000000004
0.36991,-0.3890675,-0.2419999999999991
1.1623899999999998,-1.1599949999999999,-0.24799999999999933
0.7768999999999999,-0.780475,-0.2586499999999998
0.14605,-0.20232499999999998,-0.19392499999999968
0.46687749999999995,-0.45013250000000005,-0.2574749999999999
0.8391675,-0.8451550000000001,-0.233425
0.8786900000000002,-0.8882675,-0.24060000000000015
0.58778,-0.6201000000000001,-0.29090000000000016
0.3100425,-0.33518249999999994,-0.2525750000000002
0.37229999999999996,-0.445315,-0.24662499999999987
0.31604249999999995,-0.36509499999999995,-0.2502000000000004
0.6751725000000001,-0.7182575,-0.23225000000000007
0.7482025,-0.7900624999999999,-0.2729250000000003
0.60574,-0.6811525,-0.2514750000000001
0.88467,-0.9169800000000001,-0.22275
0.9301425,-0.97204,-0.17749999999999888
0.3316,-0.34835499999999997,-0.2322500000000005
0.42018199999999994,-0.4716633,-0.19374999999999964
1.2665375,-1.31203,-0.20249999999999968
1.5825800000000003,-1.5825675000000001,-0.22269999999999968
0.97682,-1.0043725,-0.2238750000000005
0.4130075,-0.45728250000000004,-0.2406250000000001
0.6691699999999999,-0.6979225,-0.24782499999999974
0.7410250000000002,-0.778125,-0.2525999999999997
0.49322499999999997,-0.52315,-0.25257499999999977
0.2346125,-0.2525875000000001,-0.1987000000000001
0.0,-0.03950500000000004,-0.2274750000000001
0.3016725,-0.31603749999999997,-0.25977499999999987
0.278935,-0.28252,-0.23340000000000005
0.258565,-0.2777275,-0.2406250000000001
0.49800749999999994,-0.5255274999999999,-0.21910000000000007
0.7769400000000001,-0.8284024999999999,-0.2525750000000002
0.7649525,-0.7937000000000001,-0.24157499999999965
0.6775625000000001,-0.7206349999999999,-0.2645999999999997
-0.06225000000000001,0.01556250000000002,-0.25019999999999953
-0.017955,-0.04189999999999999,-0.23100000000000032
0.6500250000000001,-0.67995,-0.23924999999999974
1.22705,-1.2078749999999998,-0.23460000000000036
-0.004800000000000082,-0.053850000000000064,-0.23585000000000012
-0.038300000000000056,0.023924999999999974,-0.23704999999999998
0.6057299999999999,-0.6404525000000001,-0.2166749999999995
1.1432174999999998,-1.1671825,-0.20950000000000024
1.1097299999999999,-1.1575975,-0.25257499999999977
0.7374274999999999,-0.786515,-0.23942499999999933
0.6380575,-0.647645,-0.24302500000000027
0.6093225,-0.599735,-0.22624999999999984
0.43095750000000005,-0.47287250000000003,-0.2107000000000001
0.15801500000000002,-0.19632249999999998,-0.23704999999999954
0.14484750000000002,-0.1783675,-0.23465000000000025
0.35192999999999997,-0.3651249999999999,-0.2238500000000001
1.0211325,-1.0355025,-0.2417499999999997
1.0438725000000002,-1.06303,-0.2224999999999997
0.3543575,-0.40701750000000003,-0.19374999999999964
0.30765499999999996,-0.3459525,-0.23675000000000024
1.065405,-1.1839225,-0.2477500000000008
2.0901350000000005,-2.136825,-0.20599999999999996
1.563412,-1.55144525,-0.20109999999999983
0.656015,-0.7433979,-0.27292499999999986
0.40102249999999995,-0.48960249999999994,-0.20109999999999983
0.7350125000000001,-0.7769174999999999,-0.23102500000000026
0.843925,-0.8547499999999999,-0.258575
0.5027775,-0.5183325,-0.22144999999999948
0.09098,-0.1436525,-0.24422499999999991
-0.07900749999999998,0.06104999999999999,-0.27534999999999954
-0.038317500000000004,-0.00839249999999997,-0.21430000000000016
0.27772749999999996,-0.2885025,-0.2035249999999995
0.38308000000000003,-0.41897999999999996,-0.2502499999999994
0.4321675,-0.4501075,-0.25994999999999946
0.7841049999999999,-0.81764,-0.24050000000000038
0.8966425,-0.9421425000000001,-0.23474999999999957
0.37228749999999994,-0.3962375,-0.24075000000000024
-0.357935,0.30047500000000005,-0.24425000000000008
0.5722,-0.593775,-0.23950000000000005
0.9947999999999999,-1.004375,-0.21440000000000037
-0.04907499999999998,0.011974999999999958,-0.21907500000000013
-0.5039675,0.45967749999999996,-0.26095000000000024
0.14244999999999997,-0.19275000000000003,-0.28012499999999996
0.6966999999999999,-0.7266275,-0.2621500000000001
0.894245,-0.9517075,-0.22867499999999996
0.52072,-0.5542775,-0.22387500000000005
0.3076575,-0.34715999999999997,-0.20350000000000001
0.4860275,-0.5327,-0.27414999999999967
0.43334749999999994,-0.46208250000000006,-0.24539999999999962
0.4477325,-0.46326000000000006,-0.22624999999999984
0.5123775,-0.55784,-0.23597500000000027
0.3986375000000001,-0.44171750000000004,-0.25375000000000014
0.351975,-0.39982500000000004,-0.24175000000000013
0.40702750000000004,-0.4213575,-0.21065000000000067
-0.2418125,0.20470750000000001,-0.24175000000000013
0.08619750000000001,-0.11851249999999999,-0.28400000000000025
1.0965425000000002,-1.156395,-0.2286750000000004
1.1420325,-1.159985,-0.2442000000000002
0.48364000000000007,-0.53393,-0.2597750000000003
0.2035075,-0.24301,-0.21667499999999995
0.6835500000000001,-0.7194750000000001,-0.22504999999999997
0.7002999999999999,-0.7434,-0.25017500000000004
0.19392750000000003,-0.24300499999999997,-0.26577499999999965
0.020349999999999993,-0.08020500000000001,-0.24302500000000027
0.17238750000000003,-0.20951000000000003,-0.24182499999999996
0.033517500000000006,-0.06464500000000001,-0.20707500000000012
0.45131,-0.4884299999999999,-0.21665
0.691925,-0.713475,-0.23220000000000018
0.729025,-0.7757075,-0.23599999999999977
1.1109075000000002,-1.1145025,-0.21800000000000086
0.8499325,-0.9145925,-0.25874999999999915
-0.19033749999999997,0.11970749999999997,-0.22850000000000037
0.26576,-0.31720499999999996,-0.21675000000000066
1.3515425,-1.4005975,-0.20100000000000007
0.9098,-0.9086000000000001,-0.2107749999999995
-0.010774999999999979,-0.015549999999999953,-0.2477750000000003
-0.32560249999999996,0.3040675,-0.26697499999999996
-0.07900250000000003,0.016749999999999987,-0.2382249999999999
0.42256499999999997,-0.44772,-0.25619999999999976
0.4812375,-0.529115,-0.2418250000000004
0.47165899999999994,-0.5015942000000001,-0.26454999999999984
0.5315025,-0.5769925,-0.24782499999999974
0.48483999999999994,-0.5171574999999999,-0.2813500000000002
0.7350325000000001,-0.75896,-0.2190749999999997
0.7445925000000001,-0.77332,-0.21772500000000017
0.7900900000000001,-0.8068375,-0.26224999999999987
0.8307950000000001,-0.8714824999999999,-0.24524999999999952
0.6691925,-0.72305,-0.23099999999999898
-0.229845,0.13886500000000002,-0.24674999999999958
-0.11611874999999999,0.05626249999999999,-0.24424999999999963
1.2054725000000002,-1.2174425,-0.24174999999999924
1.3946250000000002,-1.4424949999999999,-0.2240000000000002
0.71586,-0.764955,-0.23942500000000022
0.561439,-0.5698165,-0.23819999999999997
0.9936064999999998,-1.01512975,-0.25497499999999995
0.8343725,-0.86312,-0.21547500000000008
0.6452475,-0.7051125000000001,-0.20109999999999983
0.336395,-0.39744749999999995,-0.23459999999999992
0.23702499999999999,-0.2825025,-0.2538
0.1963425,-0.2406275,-0.22862500000000008
0.2908875,-0.34596750000000004,-0.28370000000000006
0.17237999999999998,-0.19033999999999998,-0.26097499999999973
0.2801249999999999,-0.2897,-0.20114999999999972
0.4513249999999999,-0.49202500000000005,-0.24425000000000097
0.30405,-0.38785,-0.28149999999999986
-0.46807,0.4357475,-0.3184999999999998
-0.1137175,0.07302,-0.2752500000000002
0.9780250000000001,-0.9612499999999999,-0.26449999999999996
0.7493750000000001,-0.75895,-0.2476750000000001
0.10054999999999997,-0.15202500000000002,-0.23582499999999973
0.33640000000000003,-0.36632499999999996,-0.2274499999999997
0.699095,-0.7398199999999999,-0.2609499999999998
0.7565500000000001,-0.812845,-0.23462499999999986
0.49201000000000006,-0.5315224999999999,-0.24659999999999993
0.4177750000000001,-0.44171750000000004,-0.2477999999999998
0.33758499999999997,-0.3854625,-0.2382249999999999
0.11730749999999998,-0.18075500000000003,-0.2489750000000006
0.457305,-0.4776499999999999,-0.1927500000000002
0.664385,-0.6895074999999999,-0.22972500000000018
1.0175425,-1.0582275,-0.23824999999999985
1.0163274999999998,-1.05105,-0.22375000000000078
0.2908875,-0.34358,-0.21799999999999997
-0.2298442,0.15801925,-0.24774999999999947
0.70749,-0.725465,-0.23824999999999985
1.5275075,-1.53229,-0.21325000000000083
1.5598285,-1.5957365000000001,-0.2525750000000002
1.0618125,-1.0821985,-0.2382249999999999
0.9098185000000001,-1.00316775,-0.19872500000000004
0.9038275000000001,-0.9409125,-0.23942499999999978
0.6212924999999999,-0.62967,-0.23702500000000049
0.377095,-0.41179750000000004,-0.2561749999999998
0.12329999999999999,-0.15322750000000002,-0.271725
0.13287749999999995,-0.19633250000000002,-0.25497499999999995
0.2693375,-0.29210250000000004,-0.26337500000000036
0.32201749999999996,-0.3794925,-0.22745000000000015
0.31842500000000007,-0.36273500000000003,-0.24062499999999964
0.3782874999999999,-0.460895,-0.2787500000000005
0.42617499999999997,-0.42019750000000006,-0.2212500000000004
-0.05866000000000002,0.001197500000000018,-0.26449999999999996
0.518335,-0.59135,-0.262
1.249775,-1.25455,-0.21524999999999972
0.5853750000000001,-0.590175,-0.23349999999999982
0.049075000000000035,-0.11252499999999999,-0.25855000000000006
0.38427500000000003,-0.4501,-0.23225000000000007
0.8571500000000001,-0.9014,-0.25257499999999977
0.379475,-0.428575,-0.23222499999999968
0.19152000000000005,-0.22386750000000002,-0.24299999999999988
0.09337250000000005,-0.0945675,-0.2190749999999999
0.11133000000000001,-0.1472425,-0.24065000000000025
0.33160500000000004,-0.36392749999999996,-0.2609750000000002
0.25017999999999996,-0.288495,-0.26337500000000036
0.506355,-0.5291125000000001,-0.2417250000000002
0.6045349999999999,-0.6416624999999999,-0.2525750000000002
0.307655,-0.3292075,-0.23475000000000001
-0.08260249999999997,0.08736500000000003,-0.28625000000000034
-0.3124425,0.27294,-0.24800000000000022
0.818805,-0.8631125,-0.23225000000000007
1.331175,-1.3551075,-0.24549999999999939
0.826015,-0.8942325,-0.23222500000000013
0.33280000000000004,-0.35911750000000003,-0.25257499999999977
0.26097499999999996,-0.2933,-0.24905
0.1795500000000001,-0.19512500000000005,-0.28252500000000014
0.09095000000000003,-0.14127499999999998,-0.2502
-0.40939749999999997,0.39981249999999996,-0.26695
-0.31603250000000005,0.32320750000000004,-0.24540000000000006
-0.137675,0.14365000000000006,-0.2405999999999997
0.070625,-0.10652500000000004,-0.258575
0.30524999999999997,-0.37350000000000005,-0.2310249999999998
0.4955999999999999,-0.49082500000000007,-0.23817500000000003
0.8200075,-0.826015,-0.2633250000000005
0.49441,-0.500385,-0.24552499999999977
0.1891425,-0.26695250000000004,-0.2945000000000002
1.0606525,-1.1121275000000002,-0.2742499999999999
1.3718925,-1.382655,-0.18549999999999978
0.26455,-0.26575000000000004,-0.21667499999999995
-0.21187500000000004,0.17119999999999996,-0.23822500000000035
-0.3316,0.31484999999999996,-0.24182499999999996
0.01915,-0.02749999999999997,-0.26697499999999996
0.420175,-0.45727499999999993,-0.21547500000000008
0.5039750000000001,-0.5638000000000001,-0.26580000000000004
0.27175,-0.29925000000000007,-0.2502
0.12092500000000006,-0.17117500000000002,-0.2764999999999995
0.11969999999999992,-0.14485000000000003,-0.2729250000000003
0.3986499999999999,-0.43097499999999994,-0.271725
0.7074824999999999,-0.729025,-0.2670499999999998
0.6428475,-0.7038774999999999,-0.22147499999999987
0.48244,-0.5243375,-0.254
0.404615,-0.42257,-0.25977499999999987
0.4129925,-0.44055500000000003,-0.2479
-0.208295,0.18315749999999997,-0.2731500000000002
0.7637475000000001,-0.802055,-0.24050000000000038
1.4987675,-1.527485,-0.25024999999999986
0.7925,-0.810425,-0.21902500000000025
0.492005,-0.56504,-0.22029999999999994
0.4836475,-0.49798999999999993,-0.2705249999999997
0.22865000000000002,-0.26575,-0.22504999999999997
-0.045499999999999985,0.02392500000000003,-0.25497499999999995
-0.327995,0.2872925,-0.2525750000000002
-0.316025,0.28850000000000003,-0.2525999999999997
-0.021550000000000014,0.011974999999999958,-0.24419999999999975
0.251375,-0.22864999999999996,-0.14605000000000024
0.13289250000000005,-0.1675975,-0.2525750000000002
0.17477749999999997,-0.17597500000000005,-0.23462499999999986
0.5219499999999999,-0.559045,-0.23582499999999973
0.31603250000000005,-0.392645,-0.2633500000000004
-0.1244925,0.13526249999999998,-0.2526999999999995
0.550685,-0.6069424999999999,-0.2585500000000005
1.2222549999999999,-1.260565,-0.26925
0.5913750000000002,-0.64045,-0.27532500000000004
-0.08739999999999998,0.08020000000000005,-0.2657499999999997
-0.270525,0.253775,-0.2801
0.12567499999999993,-0.18674999999999997,-0.2681
0.64165,-0.6164999999999999,-0.2585000000000002
0.3315750000000002,-0.37709999999999994,-0.24419999999999975
-0.14602499999999996,0.10775000000000007,-0.2897000000000003
-0.251375,0.23102499999999998,-0.2693500000000002
-0.11609999999999998,0.0838000000000001,-0.2537750000000001
0.026325000000000043,-0.07062499999999994,-0.2574000000000001
0.40340000000000004,-0.4620499999999999,-0.2550500000000002
0.46087500000000003,-0.5171250000000001,-0.2778499999999995
0.673975,-0.713475,-0.2729999999999997
0.073025,-0.10894999999999994,-0.24550000000000027
0.6883249999999999,-0.731425,-0.2527499999999998
0.64045,-0.6680000000000001,-0.24534999999999973
0.010775000000000035,-0.016750000000000043,-0.25137500000000035
0.12449000000000005,-0.14124499999999998,-0.2357999999999998
0.43335250000000014,-0.4644825,-0.23942499999999978
0.45607499999999995,-0.480025,-0.2633749999999999
0.0862,-0.12569999999999998,-0.24182499999999996
-0.1783725,0.13170000000000004,-0.2274750000000001
-0.16399499999999995,0.11612249999999999,-0.26217500000000005
-0.15084499999999998,0.11013,-0.2789500000000005
-0.03471750000000004,-0.010769999999999946,-0.2873000000000001
0.18075249999999998,-0.20352750000000003,-0.26217500000000005
0.220275,-0.24420250000000002,-0.23702500000000004
0.41538749999999997,-0.43575250000000004,-0.2321749999999998
0.7278375,-0.7170500000000001,-0.2572500000000004
0.34356499999999995,-0.3794725,-0.28749999999999964
-0.028729999999999978,-0.013172500000000004,-0.2847500000000003
0.7386075,-0.7613624999999999,-0.2527499999999998
1.42695,-1.4568750000000001,-0.24649999999999972
0.44172500000000003,-0.460875,-0.2525999999999997
-0.16519999999999996,0.114925,-0.26095
0.5327175,-0.5554525,-0.30047500000000005
0.978035,-0.9097825,-0.24897500000000017
1.1815375,-1.1767374999999998,-0.24300000000000033
0.7793100000000001,-0.8427825000000001,-0.2537750000000001
0.7338125,-0.7972524999999999,-0.23104999999999976
0.7493825,-0.749375,-0.23822500000000035
0.5901775,-0.5769949999999999,-0.22627499999999978
0.7218500000000001,-0.7326175,-0.25257499999999977
0.951695,-0.99359,-0.2360000000000002
1.3455275,-1.3658774999999999,-0.22124999999999995
1.45447,-1.4867925,-0.23824999999999985
0.6895275,-0.7290525000000001,-0.22624999999999984
0.7589640000000001,-0.81522925,-0.27674999999999983
1.6077097500000002,-1.62805375,-0.2777499999999997
0.7721375,-0.828405,-0.2777500000000006
0.4848275000000001,-0.5458725000000001,-0.27174999999999994
0.6069074999999999,-0.6620025,-0.2885
0.834385,-0.85355,-0.3004249999999997
0.31365000000000004,-0.35672500000000007,-0.27174999999999994
-0.2789025,0.2513725,-0.26572499999999977
-0.5039775000000001,0.48480999999999996,-0.2669750000000004
-0.45491000000000004,0.4465099999999999,-0.28610000000000024
-0.19152750000000002,0.21307749999999998,-0.23942500000000022
0.272925,-0.300475,-0.2657250000000002
0.2669499999999999,-0.2957,-0.2872749999999997
0.341175,-0.36153,-0.29950000000000054
0.27414,-0.3256175,-0.2537499999999997
0.13168249999999998,-0.14963500000000005,-0.28024999999999967
-0.19392974999999998,0.1652,-0.26925
0.11372500000000002,-0.1544375,-0.2682500000000001
0.9361299999999999,-0.9517025,-0.24400000000000066
0.6715749999999999,-0.7039000000000002,-0.24419999999999975
-0.289675,0.2538000000000001,-0.2849249999999999
-0.020324999999999982,-0.021525000000000016,-0.28967500000000035
0.4895975,-0.525525,-0.23702500000000004
0.5710225,-0.6092974999999999,-0.25855000000000006
0.5805750000000001,-0.6225,-0.28732500000000005
0.4045975,-0.43452250000000003,-0.28132500000000027
0.19632500000000003,-0.22024999999999995,-0.2705249999999997
0.13765,-0.1748,-0.25134999999999996
0.11132500000000001,-0.11849999999999994,-0.28012499999999996
0.3148500000000001,-0.3364,-0.27415000000000056
0.598525,-0.6236999999999999,-0.25975000000000037
0.968445,-1.01155,-0.27875000000000005
0.55545,-0.5925499999999999,-0.27300000000000013
-0.30406999999999995,0.27293750000000006,-0.26224999999999987
0.964865,-0.9720375,-0.26350000000000007
1.42935,-1.454475,-0.2717500000000004
0.4010250000000001,-0.4130250000000001,-0.28272499999999967
0.1508325,-0.1783775,-0.23700000000000054
0.021547500000000025,-0.05387,-0.2609750000000002
0.4932,-0.49797499999999995,-0.24060000000000015
0.5686000000000001,-0.5865499999999999,-0.2741250000000002
0.50756,-0.57938,-0.25497499999999995
0.2202675,-0.258575,-0.24302499999999982
0.2621675,-0.29089750000000003,-0.2645499999999994
0.26336000000000004,-0.31245,-0.2502000000000004
0.15324000000000002,-0.16401000000000004,-0.2477750000000003
0.1005425,-0.11730749999999995,-0.22504999999999953
-0.06224999999999997,0.06465000000000004,-0.26695
0.22267500000000007,-0.21547499999999997,-0.2789999999999999
0.07539999999999997,-0.11854999999999999,-0.2727499999999998
-0.6404525,0.5925649999999999,-0.26457499999999934
-0.03952500000000003,0.016774999999999984,-0.2502500000000003
0.8918250000000001,-0.92535,-0.28595000000000015
0.5638500000000001,-0.5937749999999999,-0.26332500000000003
-0.0024000000000000687,0.007200000000000095,-0.24299999999999988
0.03712499999999991,-0.06705,-0.2106750000000006
0.652425,-0.6619999999999999,-0.2621749999999996
0.836775,-0.905025,-0.23942499999999978
0.569825,-0.5889775,-0.2849250000000003
0.18913249999999995,-0.250205,-0.2849249999999999
0.24420749999999997,-0.29806750000000004,-0.2717500000000004
0.37709499999999996,-0.43454000000000004,-0.29927499999999974
0.4465055,-0.4704565,-0.30525
0.7757279000000001,-0.8164185,-0.25612499999999994
1.1384375,-1.173158,-0.27525000000000066
1.657982,-1.666376,-0.2802500000000001
0.84276,-0.8894249999999999,-0.27775000000000016
0.93372975,-0.968455,-0.24174999999999924
1.929715,-1.9656327500000002,-0.25025000000000075
1.9201375,-1.951295,-0.23925000000000018
0.714662,-0.71945825,-0.2765249999999999
0.0179575,-0.023940000000000017,-0.27890000000000015
0.3028675,-0.33039850000000004,-0.2537750000000001
0.4896249999999999,-0.5051675,-0.28489999999999993
0.21069499999999997,-0.24181750000000002,-0.283725
0.16280500000000003,-0.1711875,-0.2885000000000004
0.076615,-0.10654250000000003,-0.2513749999999999
0.3220125,-0.35913500000000004,-0.26339999999999986
0.24061749999999998,-0.24062,-0.2525750000000002
0.31722975000000003,-0.342371,-0.26097499999999973
0.53151375,-0.5434895000000001,-0.2655999999999996
0.6416375000000001,-0.6631900000000001,-0.2599999999999998
0.9576900000000002,-1.0127375,-0.2527499999999998
0.4656795,-0.5004045,-0.27300000000000013
0.52432,-0.6009525,-0.22025000000000006
1.501165,-1.5179200000000002,-0.2667499999999996
1.4580749999999998,-1.492795,-0.27300000000000013
0.5806025,-0.6081225,-0.25497499999999995
-0.07301250000000001,0.050275000000000014,-0.2609750000000002
0.46567749999999997,-0.4872200000000001,-0.29689999999999994
0.8391624999999999,-0.8870349999999999,-0.246575
0.68593,-0.7553675000000001,-0.2609499999999998
0.6607875000000001,-0.717055,-0.25260000000000016
0.519532,-0.566236,-0.2860999999999998
0.2561775,-0.28131750000000005,-0.27890000000000015
0.20228499999999996,-0.24183249999999998,-0.2980750000000003
0.3686975,-0.41419000000000006,-0.24659999999999993
0.8463475,-0.8667175,-0.29225000000000056
1.01275,-1.0510324999999998,-0.2657499999999997
1.4568925000000001,-1.4724425,-0.2635000000000005
0.37708749999999996,-0.42375999999999997,-0.27375000000000016
0.9421274999999999,-0.9947750000000001,-0.28500000000000014
2.8275575,-2.8407150000000003,-0.2669999999999999
1.5586212499999998,-1.6160900000000002,-0.26332500000000003
0.851115,-0.9122009999999999,-0.29090000000000016
0.40222749999999996,-0.45011,-0.2741250000000002
0.63208,-0.6404625,-0.23224999999999962
0.7517674999999999,-0.7673424999999999,-0.26335
0.4728625000000001,-0.5135574999999999,-0.2741250000000002
0.3339775,-0.36749250000000006,-0.2729750000000002
0.4656625,-0.5231325,-0.23585000000000012
0.2418125,-0.26814249999999995,-0.25977499999999987
0.15683499999999995,-0.15682500000000002,-0.2633749999999999
0.17358750000000006,-0.21908500000000003,-0.2597750000000003
0.08142500000000008,-0.09337500000000004,-0.23459999999999992
0.14607500000000007,-0.16519999999999996,-0.2465000000000006
0.62967,-0.66202,-0.2609999999999997
-0.493205,0.43335250000000003,-0.32924999999999915
0.040702499999999975,-0.1472425,-0.2969999999999997
1.273725,-1.3024499999999999,-0.2357499999999999
1.1935,-1.180345,-0.21799999999999953
0.14004999999999995,-0.14607500000000007,-0.24065000000000047
-0.046699999999999964,0.034725000000000006,-0.245425
0.32682500000000003,-0.34955,-0.2705500000000005
0.39145250000000004,-0.4512975,-0.23345000000000016
0.6117225000000001,-0.6296649999999999,-0.2729499999999998
0.7302299999999999,-0.745795,-0.22507499999999947
0.5901875,-0.6248874999999999,-0.26337499999999947
0.23702000000000004,-0.26577999999999996,-0.24302499999999982
0.3363749999999999,-0.3495425,-0.2549749999999995
0.30284999999999995,-0.35074999999999995,-0.26107499999999995
0.7086825,-0.7278275000000001,-0.2814999999999994
0.7433974999999999,-0.7781175,-0.22624999999999984
0.865515,-0.8990425000000001,-0.2885000000000004
0.20949249999999997,-0.24062000000000003,-0.2490000000000001
0.81761,-0.891845,-0.21999999999999975
2.5534025000000002,-2.536667,-0.23475000000000001
1.7010925,-1.760945,-0.2872500000000002
0.7493700000000001,-0.7781117,-0.2490000000000001
0.5997547,-0.6452525,-0.28610000000000024
0.8882450000000002,-0.9277475000000001,-0.2992750000000002
0.47285750000000004,-0.5326925,-0.29927499999999974
0.13287999999999994,-0.18077000000000004,-0.25257499999999977
0.03950500000000001,-0.058659999999999976,-0.27055000000000007
-0.08619250000000002,0.058657499999999974,-0.23702500000000004
-0.12808750000000002,0.08020500000000003,-0.26095
0.17477499999999996,-0.19991750000000003,-0.2777249999999998
0.264555,-0.270555,-0.2597999999999998
0.31364250000000005,-0.30765750000000003,-0.25377499999999964
0.7242375,-0.735015,-0.2885000000000004
0.5075625,-0.5171325,-0.24774999999999991
-0.07302274999999998,0.033517500000000006,-0.24425000000000008
0.6320825,-0.64643,-0.26475000000000026
1.0366999999999997,-1.0450750000000002,-0.2394999999999996
0.3531500000000001,-0.34835,-0.2645749999999998
-0.4788425,0.417775,-0.23585000000000012
-0.274135,0.2561825,-0.3196249999999998
0.37470000000000014,-0.4022225,-0.24900000000000055
0.6967275,-0.7338175,-0.23939999999999984
0.7541775,-0.7924675000000001,-0.2681499999999999
0.259775,-0.30167999999999995,-0.2502
0.06106,-0.06465499999999999,-0.28730000000000033
0.10175249999999997,-0.142455,-0.26812499999999995
0.20708499999999996,-0.23224250000000002,-0.28012499999999996
0.59257,-0.5853775,-0.26932500000000026
1.3934259999999998,-1.4341315,-0.2755000000000005
1.1611829999999999,-1.1971055000000002,-0.2667499999999996
0.6596125,-0.699115,-0.24149999999999983
0.736215,-0.7494050000000001,-0.23350000000000026
2.5163,-2.5677624999999997,-0.2224999999999997
2.0901224999999997,-2.08417,-0.21175000000000033
0.8212025000000001,-0.8439475000000001,-0.26217500000000005
0.05387249999999999,-0.1113275,-0.2609499999999998
-0.041897500000000004,-0.010759999999999992,-0.2920750000000003
0.29810000000000003,-0.311275,-0.25619999999999976
0.243,-0.245425,-0.24780000000000024
-0.12450000000000001,0.0957675,-0.25617500000000026
-0.06583749999999998,0.028732499999999966,-0.2633749999999999
0.010775000000000007,-0.039505,-0.28729999999999967
-0.06105250000000001,0.035912499999999986,-0.2693500000000002
0.0442925,-0.08140499999999999,-0.26934999999999976
-0.014365000000000017,-0.026337500000000014,-0.2487500000000007
0.245385,-0.25858249999999994,-0.268250000000001
0.5782,-0.5829850000000001,-0.29574999999999996
-0.06344500000000002,0.026334999999999997,-0.21925000000000017
-0.5530740000000001,0.4812375000000001,-0.24449999999999994
0.39142499999999997,-0.403425,-0.2657500000000006
0.63205,-0.6332500000000001,-0.226375
-0.24062499999999998,0.24180000000000001,-0.25137500000000035
-0.4321375,0.40463499999999997,-0.2502
0.25620000000000004,-0.290875,-0.2561749999999998
1.098945,-1.094135,-0.2717500000000004
0.9792350000000002,-1.0127425,-0.25142500000000023
0.8212,-0.8667025,-0.26095000000000024
0.7146825,-0.7386125,-0.25139999999999985
0.42977500000000013,-0.4620675,-0.26454999999999984
0.4142,-0.4357249999999999,-0.29579999999999984
0.1269,-0.162825,-0.2455499999999997
0.7673249999999999,-0.7924999999999999,-0.23575000000000035
0.684725,-0.72065,-0.23125000000000018
0.6751750000000001,-0.7062999999999999,-0.25624999999999964
-0.03109999999999996,0.011950000000000016,-0.24050000000000038
0.6715850000000001,-0.6967150000000001,-0.29325000000000045
1.541875,-1.57779,-0.2610000000000001
0.9014125,-0.9421350000000001,-0.22267499999999973
0.2310225,-0.26934,-0.23462499999999986
0.18075000000000002,-0.19394999999999996,-0.2501749999999996
0.14725,-0.1664,-0.25497499999999973
-0.19274999999999998,0.17359999999999998,-0.26814999999999967
-0.6224875,0.59735,-0.26337500000000014
-0.5566475,0.5482725,-0.2609750000000002
-0.18675999999999995,0.1556049999999999,-0.2513749999999999
-0.05506749999999999,0.013172500000000031,-0.23819999999999997
0.10294499999999995,-0.128085,-0.2621500000000001
-0.05746750000000003,0.053875000000000034,-0.22875000000000023
0.26095,-0.2861,-0.24150000000000027
0.6560275,-0.6775424999999999,-0.21324999999999994
-0.45609475,0.43574999999999997,-0.29949999999999966
-0.29086999999999996,0.28371,-0.25849999999999973
0.7494,-0.757775,-0.2585000000000002
0.26215,-0.2825,-0.29567500000000013
-0.29567499999999997,0.2633749999999999,-0.28610000000000024
-0.01797500000000002,-0.02034999999999998,-0.30284999999999984
0.43572500000000003,-0.42497499999999994,-0.22267499999999973
0.439335,-0.445295,-0.23344999999999994
0.2274575,-0.1771675,-0.25617500000000026
0.02157500000000001,-0.013149999999999995,-0.23945000000000016
0.010775000000000035,-0.02635000000000004,-0.2765500000000003
-0.11612499999999995,0.08979999999999999,-0.2442249999999997
0.031124999999999958,-0.021550000000000014,-0.24317499999999992
0.197525,-0.1951,-0.2717500000000008
0.10414999999999996,-0.15205000000000002,-0.21800000000000086
0.38544999999999996,-0.4033999999999999,-0.2824999999999993
-0.1939475,0.14365250000000004,-0.2872500000000002
0.14602500000000002,-0.12930000000000003,-0.26224999999999987
1.155175,-1.161225,-0.2525000000000004
0.800865,-0.84514,-0.2824749999999998
0.282515,-0.3519375,-0.2633749999999999
0.326805,-0.360325,-0.2753250000000005
0.44053250000000005,-0.4321425,-0.2586000000000004
0.23582499999999995,-0.28129999999999994,-0.28849999999999953
-0.17597500000000002,0.13646750000000002,-0.2932750000000002
-0.469264,0.4345415,-0.28969999999999985
-0.46447425000000003,0.4297575,-0.2633749999999999
-0.341175,0.33279499999999995,-0.25859999999999994
0.14364249999999998,-0.174775,-0.2897249999999998
0.588975,-0.61651,-0.21080000000000032
0.64761,-0.65603,-0.25625000000000053
0.5650275,-0.610525,-0.2837499999999995
0.1125275,-0.16161000000000003,-0.2490000000000001
0.0023949999999999805,0.007182499999999953,-0.3005
1.2258025000000001,-1.17435,-0.2645000000000004
0.8248,-0.879875,-0.25249999999999995
-0.13287499999999997,0.08377500000000004,-0.2741500000000001
-0.040700000000000014,0.02273750000000002,-0.26934999999999976
0.6739599999999999,-0.68714,-0.24062500000000053
0.67395,-0.7110749999999999,-0.29567500000000013
0.43214749999999996,-0.49918999999999997,-0.2741250000000002
0.428565,-0.4201975,-0.25857499999999956
0.36750250000000007,-0.36512500000000003,-0.26695
0.08738749999999998,-0.12330250000000006,-0.2561749999999998
0.105355,-0.11494499999999996,-0.2861250000000002
0.13287500000000002,-0.13647499999999996,-0.24899999999999967
0.3926525,-0.4094,-0.2405750000000002
0.6344500000000001,-0.6320700000000001,-0.26824999999999966
0.48243249999999993,-0.5446875,-0.25375000000000014
-0.1209075,0.07182500000000001,-0.2658999999999989
-0.11013250000000002,0.0981625,-0.2574999999999994
0.9373450000000001,-0.9481175,-0.25500000000000034
1.1300675,-1.1779674999999998,-0.26812499999999995
0.5626525,-0.5949575,-0.23582500000000017
0.46806250000000005,-0.5027805000000001,-0.24662499999999987
0.6117225000000001,-0.6476225,-0.2586000000000004
0.79009,-0.7960699999999999,-0.25737500000000013
0.6727875,-0.6955125000000001,-0.24662499999999987
0.18194749999999996,-0.19034749999999998,-0.2873000000000001
-0.1125275,0.0766125,-0.28252500000000014
-0.18315999999999996,0.1759725,-0.2514000000000003
0.05506500000000003,-0.06584000000000004,-0.22745000000000015
0.29449749999999997,-0.28373499999999996,-0.2466999999999997
0.40583749999999996,-0.42976499999999995,-0.2632499999999993
0.6152875,-0.6308499999999999,-0.21899999999999986
0.6392425,-0.653615,-0.19750000000000068
-0.021547499999999997,-0.03950249999999997,-0.28374999999999995
-0.8595124999999999,0.8164225,-0.26825000000000054
0.23462500000000003,-0.24062500000000003,-0.23450000000000015
0.8260000000000001,-0.8667,-0.31974999999999953
0.010800000000000032,-0.04427500000000001,-0.26469999999999994
-0.48363749999999994,0.44651749999999996,-0.2597999999999998
0.0466975,-0.04427500000000001,-0.2346499999999998
0.6093225,-0.6236875000000001,-0.22502500000000003
0.5578550000000001,-0.6200975,-0.25619999999999976
0.36510000000000004,-0.3842725,-0.21189999999999998
0.48961750000000004,-0.49201000000000006,-0.20710000000000006
0.501585,-0.50159,-0.26695000000000046
0.428555,-0.4788575,-0.26695
0.4944075,-0.49919,-0.2561749999999998
0.5279200000000001,-0.537505,-0.2215250000000002
0.9217749999999999,-0.9492825,-0.23125000000000018
0.9062,-0.934945,-0.2417499999999997
-0.240615,0.21906975,-0.2669999999999999
0.6440275000000001,-0.6512024999999999,-0.25249999999999995
1.4772225,-1.44251,-0.21550000000000002
0.7805150000000001,-0.843963,-0.2490000000000001
0.20350749999999998,-0.26216675,-0.25857500000000044
0.208295,-0.24421000000000004,-0.28014999999999946
0.356735,-0.3627175,-0.19752499999999973
0.44533,-0.4189925,-0.23462499999999986
0.28731499999999993,-0.3483625,-0.2741250000000002
0.3687,-0.38548000000000004,-0.2382249999999999
0.4907975,-0.4764425,-0.27292499999999986
0.6129074999999999,-0.6416275,-0.25737500000000013
0.3758925,-0.39624,-0.26095000000000024
0.41061250000000005,-0.41298500000000005,-0.25257499999999977
0.5913725,-0.6009424999999999,-0.2549999999999999
0.6380625,-0.6632025,-0.26000000000000023
0.5470775000000001,-0.572215,-0.26000000000000023
-0.225055,0.22385850000000002,-0.26224999999999987
-0.2980779,0.26096775,-0.24449999999999994
0.724235,-0.7182850000000001,-0.25249999999999995
0.622495,-0.62967,-0.23957499999999987
0.04427499999999995,-0.06225000000000003,-0.2501749999999996
0.04307749999999999,-0.05268500000000004,-0.258575
0.258555,-0.25858249999999994,-0.245425
0.24780249999999998,-0.2693525,-0.2669250000000001
0.09936000000000002,-0.12329999999999997,-0.22624999999999984
0.09097999999999999,-0.10534500000000001,-0.24539999999999962
0.20589999999999997,-0.23343250000000004,-0.26335
0.37590250000000003,-0.395045,-0.25855000000000006
0.29328750000000003,-0.325615,-0.258575
0.19753249999999997,-0.18075,-0.22757499999999986
0.24660249999999995,-0.29330249999999997,-0.2310749999999997
0.2513725,-0.28849499999999995,-0.26200000000000045
0.40820999999999996,-0.4297675,-0.2202500000000005
0.395065,-0.40463249999999995,-0.26350000000000007
-0.02274524999999999,-0.011970750000000004,-0.26925
0.41778725000000005,-0.4297605,-0.22850000000000037
0.9110024999999999,-0.9002375,-0.246575
0.5123525,-0.55905425,-0.23702500000000004
0.37828275,-0.407015,-0.27652500000000035
0.32920175,-0.361525,-0.308875
0.52315,-0.55784,-0.23222499999999968
0.71467,-0.7194625,-0.21787499999999982
0.28010250000000003,-0.3100449999999999,-0.26935000000000064
-0.020349999999999993,-0.01077249999999999,-0.27174999999999994
-0.09218000000000001,0.10294999999999999,-0.2226499999999998
0.14484999999999998,-0.15443,-0.24540000000000006
0.2118975,-0.24181999999999998,-0.25139999999999985
0.26337000000000005,-0.2753275,-0.2705249999999997
0.4058125,-0.432145,-0.23249999999999993
0.70031,-0.7541775000000001,-0.23924999999999974
0.493205,-0.52792,-0.25275000000000025
0.13646750000000002,-0.14604499999999998,-0.27055000000000007
-0.3268095,0.30526100000000006,-0.2752750000000006
0.12090499999999998,-0.1628075,-0.25385000000000035
0.5135575,-0.5518575000000001,-0.25370000000000026
0.23941250000000003,-0.26454750000000005,-0.2729499999999998
-0.026335000000000025,-0.03950249999999997,-0.26575000000000015
0.12809,-0.162805,-0.23104999999999976
0.557863,-0.56983725,-0.2597750000000003
0.29208749999999994,-0.30767,-0.25975000000000037
0.24182,-0.2765325,-0.25139999999999985
0.36751,-0.375895,-0.25497499999999995
0.6476150000000002,-0.6500225000000001,-0.24295
0.6907225000000001,-0.697915,-0.22267500000000018
0.75536,-0.760175,-0.28247499999999937
0.6500250000000001,-0.673965,-0.23704999999999998
0.5829775,-0.5877650000000001,-0.2298
0.11492250000000001,-0.1735825,-0.2670750000000002
0.792466,-0.8152315000000001,-0.25
1.0702150000000001,-1.10372,-0.245425
1.12407825,-1.1551925,-0.1999249999999999
0.39743550000000005,-0.42856275,-0.2262499999999994
0.08499624999999998,-0.106543,-0.27295000000000025
0.7697225,-0.8008605,-0.23942499999999978
0.81643,-0.8152275,-0.23570000000000002
0.6943325000000001,-0.7074875,-0.23350000000000026
0.7733200000000001,-0.797265,-0.2776500000000004
0.7637349999999999,-0.7709225000000001,-0.2442000000000002
0.738595,-0.7613717499999999,-0.2597499999999999
0.5219374999999999,-0.537505,-0.2549000000000001
0.839185,-0.870275,-0.22875000000000023
0.9445024999999999,-0.9660475,-0.27410000000000023
0.62968,-0.6476275,-0.25384999999999946
0.49559,-0.529125,-0.23945000000000016
0.41540000000000005,-0.45249500000000004,-0.24299999999999988
0.38427249999999996,-0.389045,-0.25497499999999995
0.648825,-0.671565,-0.20829999999999993
0.69074415,-0.7290385,-0.22865000000000002
0.6931375000000001,-0.7397975,-0.26817499999999983
0.7888945,-0.8212137500000001,-0.23945000000000016
0.6979072500000001,-0.70747475,-0.26449999999999996
0.711063,-0.737422,-0.24407500000000004
0.660775,-0.6679925,-0.23697500000000016
0.3280075,-0.323225,-0.2514000000000003
0.3292175,-0.3435675,-0.258575
0.57102,-0.5997399999999999,-0.24560000000000004
0.6775525,-0.70029,-0.29910000000000014
0.7014975,-0.7398,-0.28117499999999973
0.503965,-0.53152,-0.26217500000000005
0.34477500000000005,-0.3962399999999999,-0.252475
0.430975,-0.429745,-0.21904999999999974
0.48483000000000004,-0.527915,-0.23225000000000007
0.5003875000000001,-0.5087575,-0.24419999999999975
0.5075824999999999,-0.544675,-0.23942500000000022
0.54588,-0.541095,-0.2681250000000004
0.39144999999999996,-0.42737500000000006,-0.23342499999999955
0.3926375000000001,-0.42857249999999997,-0.25257499999999977
0.45968500000000007,-0.47885999999999995,-0.2357499999999999
0.3531575,-0.39385249999999994,-0.2549999999999999
0.4632774999999999,-0.46806250000000005,-0.23702500000000004
0.5075725000000001,-0.5183375,-0.2393999999999994
0.45370999999999995,-0.4561125,-0.26687499999999975
0.450105,-0.4764625,-0.23334999999999972
0.47644,-0.50875,-0.27414999999999967
0.4537,-0.4704425,-0.26572499999999977
0.4070174999999999,-0.4141975,-0.2537750000000001
0.5733925,-0.5770025000000001,-0.22984999999999944
0.5686325000000001,-0.590155,-0.25497499999999995
0.5375099999999999,-0.5590425,-0.2729499999999998
0.60574,-0.65602,-0.2465999999999995
0.50637,-0.5159275,-0.24060000000000015
0.4105925,-0.41419,-0.24549999999999983
0.48721249999999994,-0.5147299999999999,-0.23462499999999942
0.430945,-0.44171250000000006,-0.2382500000000003
0.37587,-0.39146499999999995,-0.2382000000000004
0.5746024999999999,-0.6009375,-0.23225000000000007
0.5865775,-0.6249,-0.24537499999999968
0.5722149999999999,-0.5997375,-0.2311749999999999
0.42615499999999995,-0.43933749999999994,-0.2561749999999998
0.234625,-0.28252,-0.2298499999999999
0.169985,-0.19394750000000005,-0.2621500000000001
0.31483999999999995,-0.338785,-0.22624999999999984
0.31124000000000007,-0.3399875,-0.2741250000000002
0.4249725,-0.456105,-0.26107499999999995
0.40340750000000003,-0.42379,-0.24529999999999985
0.30884999999999996,-0.35673,-0.23942500000000022
0.44174500000000005,-0.463275,-0.2238749999999996
0.372305,-0.38188000000000005,-0.25734999999999975
0.4345575,-0.48002999999999996,-0.24540000000000006
0.21668999999999997,-0.23824249999999997,-0.26697499999999996
-0.189145,0.14843500000000004,-0.24539999999999962
0.22745249999999995,-0.23941249999999997,-0.2621750000000005
0.42495249999999996,-0.4704475,-0.24549999999999983
0.614106,-0.64164725,-0.2347750000000004
0.7769175,-0.8056574999999999,-0.2502499999999994
0.621275,-0.650015,-0.24539999999999962
0.25377500000000003,-0.26335000000000003,-0.22862500000000052
0.15205000000000002,-0.16757499999999997,-0.24900000000000055
0.23345,-0.250175,-0.2681499999999999
0.48960249999999994,-0.53392,-0.2681499999999999
0.37109250000000005,-0.44171750000000004,-0.23707499999999948
0.7326400000000001,-0.7565474999999999,-0.25019999999999953
0.65959,-0.6847274999999999,-0.23220000000000018
0.7661450000000001,-0.7888875,-0.21672499999999983
0.7039025000000001,-0.7350275000000001,-0.25867499999999977
0.4584975,-0.4537025,-0.24299999999999988
0.464475,-0.49081250000000004,-0.22025000000000006
0.3160425,-0.3639375,-0.2598499999999997
0.3388,-0.3806925,-0.26097499999999973
0.5039899999999999,-0.5638275,-0.23822499999999946
0.42737250000000004,-0.45610749999999994,-0.22865000000000002
0.4644674999999999,-0.493205,-0.20109999999999983
0.4405199999999999,-0.4680700000000001,-0.26577499999999965
0.5362974999999999,-0.571025,-0.23344999999999994
0.6021325,-0.62129,-0.22615000000000052
0.35314999999999996,-0.36990500000000004,-0.24060000000000015
0.3890675,-0.390255,-0.21422500000000033
0.4488899999999999,-0.47284249999999994,-0.23697500000000016
0.49678000000000005,-0.50519,-0.2370249999999996
0.49917,-0.5315275,-0.25377500000000053
0.5326974999999999,-0.56264,-0.26344999999999974
0.5039975000000001,-0.54228,-0.25144999999999973
0.37229750000000006,-0.379475,-0.2082250000000001
0.393855,-0.41897249999999997,-0.2597749999999994
0.27293,-0.28492500000000004,-0.26454999999999984
0.3471524999999999,-0.3615125,-0.2597750000000003
0.264575,-0.2861,-0.2801499999999999
0.24778249999999996,-0.25978,-0.2561749999999998
0.29929,-0.32321,-0.23462499999999986
0.3375849999999999,-0.366315,-0.27422499999999994
0.3483649999999999,-0.3675075,-0.2190249999999998
0.42259,-0.42855750000000004,-0.259725
0.706275,-0.71466,-0.24285000000000023
0.6739775,-0.6919124999999999,-0.2801250000000004
0.41180749999999994,-0.4477225,-0.25497499999999995
