,abs_acc
0,9.930772523487354
1,9.875085870454075
2,9.881241682823163
3,9.959675583493691
4,9.981652376804806
5,10.03436803604769
6,9.973309171695423
7,9.92641337875508
8,9.954973944976416
9,9.884266905737126
10,9.763057892810231
11,9.874898795363498
12,9.980286630059853
13,9.996326384463453
14,9.924275608375972
15,9.922562415533843
16,9.937579010966664
17,9.880992710587037
18,9.853538833988168
19,9.921592811195358
20,9.997519186021234
21,10.00189656503459
22,9.974762378534248
23,9.979115412710657
24,10.013966487683213
25,10.024038511412295
26,10.060137859738957
27,9.966068782198299
28,9.879753345547345
29,10.00114353759672
30,9.993480819467145
31,9.851839248416713
32,9.887925664380234
33,9.94951529802926
34,9.952498643189022
35,10.00510662590247
36,9.926278531245854
37,9.923395478394307
38,9.970515579294299
39,10.090659116159275
40,10.020541209682632
41,9.853201998425481
42,9.894347313575267
43,9.957492771884526
44,9.928263480004125
45,9.996773502318312
46,9.969460420616915
47,9.925645980267614
48,9.899156355530215
49,9.948785200746599
50,9.844861586362262
51,9.795080402109592
52,9.892545666764612
53,9.921304953460892
54,9.828586889234836
55,9.960912212519787
56,10.030118929191124
57,9.950863359710073
58,9.878814833838614
59,9.94226957000644
60,9.923335885844411
61,9.94738757150811
62,10.056230176477037
63,10.004650966576538
64,10.027142643641735
65,9.979406240010992
66,9.946859907189104
67,9.95532422686681
68,9.893578748768322
69,9.911345627355026
70,9.923943359728732
71,9.95829290804153
72,9.928811796029718
73,9.88364529876445
74,9.902893045564248
75,9.889744746198186
76,9.885590454352698
77,9.976800229476455
78,10.006367723062901
79,9.786072140987653
80,9.810398756723497
81,10.020084608190903
82,10.008631410962934
83,9.869653396825584
84,10.031315883228904
85,10.094542977702499
86,9.962936735653248
87,9.933958186007036
88,10.076696926417423
89,10.064491302148205
90,9.917908604482912
91,9.820666744206399
92,9.739955995590945
93,9.716094546813585
94,9.72695855248097
95,9.963024165067463
96,10.1772192386357
97,9.9781274596382
98,9.745026958869786
99,9.792478753837282
100,9.65995912849713
101,9.682250368411575
102,9.740786755999274
103,9.557417368464156
104,9.563708299397591
105,9.967145187764851
106,10.051219671291209
107,9.900904582424591
108,9.985192914480995
109,10.156119877562949
110,10.161094436986852
111,10.025096226715997
112,9.95327178006971
113,10.05219347469007
114,10.12149591603424
115,10.145594635637172
116,10.405744647253723
117,10.594969605932885
118,10.874344152978715
119,11.064471976860954
120,11.12854333260115
121,11.28503297327727
122,11.07392524886854
123,10.787458306515248
124,10.558601059909648
125,9.773062727762289
126,9.043279247022893
127,8.694196430561485
128,8.602052511262945
129,8.738113327164838
130,8.863406465421411
131,8.983507641540333
132,9.223585992361032
133,9.502548187408284
134,9.853809018473823
135,10.089885349525103
136,10.425975708829531
137,10.540671852903607
138,10.611591042168932
139,11.065396020271681
140,11.75763181354244
141,11.743906046177667
142,11.122120084444655
143,10.533840692257012
144,9.984231387953523
145,9.335211857031195
146,9.153704425073458
147,9.345891329336212
148,9.30764721792146
149,9.16811294446623
150,9.092345860342132
151,8.828534108947897
152,8.73968601103468
153,8.91729103563449
154,9.099449318527343
155,9.308462641019108
156,9.885492536168924
157,10.37665539475964
158,10.635662642806219
159,10.918752214051558
160,11.213638594806712
161,11.508789882337526
162,11.158338163406267
163,10.891464676564533
164,10.608815128657385
165,10.289638379846858
166,9.798513150216342
167,9.365601155510069
168,9.477863594014849
169,9.055183283944473
170,8.485256477342174
171,8.543019466466854
172,9.020179202455246
173,9.506525158456608
174,9.765885520405604
175,10.009137586154049
176,10.222709601207288
177,10.698006218385347
178,11.660151046694338
179,12.023280229958536
180,11.73685128004181
181,11.186221391879583
182,10.753714010477681
183,10.394073651230089
184,9.70264693387303
185,9.374920869807324
186,9.149118231657736
187,9.097906721678607
188,9.034088470941636
189,8.767713378724753
190,8.584081299042355
191,8.626378527309415
192,8.826094581148872
193,9.001639004614002
194,9.526244197077874
195,9.958600727991998
196,10.37806171142708
197,10.797994454032725
198,11.225832507305453
199,11.641213977933909
200,11.666576495114924
201,11.375439377288705
202,11.026597042675984
203,10.254299866441796
204,9.705923747918044
205,9.199415499828337
206,9.110220553557959
207,9.375672231325648
208,9.050380769549669
209,8.665073050256744
210,8.530132377416292
211,8.643400603734252
212,9.124608031131377
213,9.601404686212156
214,10.160426824765796
215,10.82830138323976
216,11.277782110683818
217,12.289919854614965
218,12.468414924321506
219,11.966574658667819
220,11.404602197691586
221,10.908013645209726
222,9.978616073983696
223,9.392496922858552
224,9.061815160314428
225,8.409184400647305
226,8.207497289366032
227,7.922407399607618
228,7.9174660857907115
229,8.33435858128545
230,9.002787236911294
231,9.699039024154896
232,10.277055360552257
233,10.747521305639422
234,11.100384136094949
235,11.491143874391026
236,11.964111754176157
237,11.9601743585533
238,11.428322834802213
239,11.040751617482767
240,10.24397226087074
241,9.36667705527563
242,8.833914800043917
243,8.786003758364748
244,8.977569106240379
245,8.835634458296049
246,8.566112535079732
247,8.717870086655987
248,9.033171850062596
249,9.37606613542011
250,9.950633417506056
251,10.294295956503495
252,10.371325348473968
253,10.916346967536462
254,11.837510491133363
255,12.306148299513517
256,11.57353660885114
257,10.834332462476057
258,10.126212090006621
259,9.415742992497785
260,9.344401407065089
261,9.540995937552976
262,9.448554526487088
263,9.020868225176816
264,8.662527460140721
265,8.477809454269119
266,8.582417907328002
267,8.58821696987515
268,8.822211496873226
269,9.763028241944719
270,10.437109408911233
271,10.779616716002725
272,11.170479984503247
273,11.621158220511761
274,11.837830611122241
275,11.454530844567707
276,11.094001394739388
277,10.505871429816775
278,9.904512010308379
279,9.517082762320001
280,9.41755686757066
281,9.479154294989682
282,9.219323493389911
283,8.774966841094683
284,8.654412742403988
285,8.997065466987284
286,9.266734255321259
287,9.393759352748255
288,9.97773563268006
289,10.688107338521117
290,11.429920490742736
291,12.149076883132933
292,12.021298358123273
293,11.60059724887046
294,11.097630206883196
295,10.357370817477749
296,9.664560616091082
297,9.44183917576889
298,9.292785866879367
299,8.698080700561562
300,8.273691077959587
301,8.151545542037322
302,8.114665440963941
303,8.275749639828426
304,8.795360900740723
305,9.606148460415685
306,10.438968791356446
307,10.899961755035614
308,11.10636999098663
309,11.512518698444193
310,11.849395189272155
311,11.643946376344978
312,11.02129090853191
313,10.486036167816339
314,9.882613533939223
315,9.236701505220564
316,8.66682060530045
317,8.816747099046333
318,9.544428045063645
319,9.392863543539958
320,9.10283464453112
321,9.443641570897567
322,9.757879599030161
323,9.825955494932769
324,10.035831963017833
325,10.658426640635817
326,11.130376034021996
327,11.529290893869359
328,11.752056072364287
329,11.60756651587956
330,11.13412734826939
331,10.214600901218835
332,9.407483705663076
333,9.116902333533012
334,9.111431034850149
335,9.08189559833014
336,9.128881422081172
337,9.114450825624179
338,8.929289873864269
339,8.956914491155056
340,9.188239198468295
341,9.32291405542363
342,9.728467903826454
343,10.174972916199737
344,10.43318432346726
345,10.568478759632724
346,10.675979162478413
347,11.016364286756781
348,11.150277392288688
349,11.041961275583423
350,10.90605137702738
351,10.52992568425322
352,9.939854989680482
353,9.271233908494441
354,8.990037110363588
355,8.831111409573564
356,8.616387626104128
357,8.749024917636598
358,9.120124361216096
359,9.42915770488406
360,9.70230148163423
361,10.315822222558346
362,10.861124348624521
363,11.122081069503151
364,11.641207251588341
365,11.970938535582043
366,11.749146636525687
367,11.010074379593304
368,10.089228256917238
369,9.448012706155998
370,8.912865819509314
371,8.956665385088309
372,9.122476210664097
373,9.088920795538193
374,9.163473077147753
375,9.136274023163875
376,9.10746605695416
377,9.289423203218224
378,9.499206103270676
379,9.9424010245274
380,10.178646320333973
381,10.373939620354259
382,10.813936721353263
383,10.988755234853716
384,11.165643868653477
385,11.105227463017464
386,10.459523071412091
387,10.18357757416933
388,9.94497192629474
389,9.651979060173874
390,9.443325293222083
391,9.109797926782058
392,8.999248618849368
393,8.85052475980839
394,8.819236483583724
395,9.136858454795417
396,9.395502516773119
397,9.631776174457446
398,10.24322242651543
399,10.706750188993896
400,10.871395210017981
401,11.414806962696758
402,11.846404778961508
403,11.923232766911399
404,11.597748005788398
405,10.643947594050642
406,9.680591386308047
407,9.282678790910365
408,9.319769534560088
409,9.238872345187517
410,9.17493806341897
411,9.105989760040261
412,9.024624017321717
413,8.957890804450429
414,9.174347405246952
415,9.334933882132216
416,9.478741644671421
417,9.66013009855055
418,9.781897939982832
419,10.102939584395514
420,10.554834050782372
421,10.795437266916002
422,11.148001806922096
423,11.10250174241844
424,11.082206655964285
425,10.670729876795654
426,9.8302068742104
427,9.390538435325912
428,9.288371068724382
429,9.370186372629572
430,9.34381888121646
431,9.017710041052178
432,9.119771413430767
433,9.322331087421356
434,9.60594086219467
435,9.981791383610433
436,10.337330814540643
437,10.857957475544316
438,11.17769782145332
439,11.592914476096903
440,12.100851343753837
441,11.898860030802966
442,11.475821754836023
443,11.108367569671271
444,10.103769813576749
445,9.142937369401615
446,8.841034026231124
447,8.55781649043318
448,8.082123962915132
449,7.810464789335537
450,7.975422540566808
451,8.258931723026699
452,8.591343280843908
453,9.003709863874763
454,9.740481513146436
455,10.525511150297513
456,10.948550891159556
457,11.364023161439547
458,11.813242744280453
459,12.245876869932676
460,11.971247798145018
461,11.2213633893612
462,10.530073099024484
463,9.823655791410461
464,9.543684010394731
465,9.170753567693495
466,8.712381670725003
467,8.651177307955694
468,8.532067105091494
469,8.498862913460892
470,8.84243934563329
471,9.335741531777968
472,9.707542463212754
473,10.395963771406954
474,11.166320197246963
475,11.352977408456685
476,11.65436674350317
477,11.871355787142486
478,11.595487238276283
479,11.42585125640856
480,10.900141876880305
481,9.558016956800742
482,8.839248607161618
483,8.679151711701754
484,8.28144617198819
485,8.136974169563706
486,8.423366566670573
487,8.811779462709778
488,8.974269453428295
489,9.200203343114412
490,9.598489757024963
491,10.223569818865966
492,10.68218857360693
493,11.105071579239926
494,11.569516193255515
495,12.094797050534963
496,11.871963642764369
497,11.289371086200237
498,11.130673775335111
499,10.667174423590009
500,9.90513771426769
501,9.166210105743087
502,8.745229261439698
503,8.795934513419958
504,8.573396723115124
505,8.493577866647955
506,8.986172071409106
507,9.475979164598014
508,10.002082617436885
509,10.56050823863582
510,10.633559765082884
511,10.633553437753944
512,11.175622667407238
513,11.798300218000776
514,11.625120211823045
515,11.256068436239078
516,10.32933686267138
517,9.449698918388247
518,8.995720749304912
519,8.894309406054154
520,8.835967667516064
521,8.671148297470111
522,9.043798120421878
523,8.820368574996294
524,8.613082231539376
525,8.699504395174507
526,8.954422589763986
527,9.337655274509824
528,10.06630879387383
529,10.87418474162519
530,11.298691756451191
531,11.790235873790678
532,12.010548106612683
533,11.765228063960881
534,11.705062569008417
535,10.664071449025283
536,9.857922480345335
537,9.476589777211071
538,9.007258339015104
539,8.912412972547724
540,8.632988566368484
541,8.363696743318217
542,8.623499729489918
543,9.200794331262516
544,9.733852180188363
545,10.032621443526601
546,10.321322055305368
547,10.698302807718704
548,10.988756553367505
549,11.566646479366318
550,11.656657046208545
551,11.408931497181477
552,11.370329233913848
553,10.505193660119097
554,9.492417099341957
555,8.950358579424982
556,8.930752446556202
557,8.626263984308016
558,8.21483869735528
559,8.476119661884303
560,9.023524214975351
561,9.471867811030886
562,9.632748729070373
563,10.097968878336717
564,10.649565676394857
565,10.85288994316523
566,11.02469275518912
567,11.320057493119295
568,11.2656038245826
569,10.819188037218247
570,10.576617626853638
571,10.276630644426488
572,9.941649216736073
573,9.560764110413892
574,9.057599815894772
575,8.637248763517553
576,8.325983864798204
577,8.547202642554655
578,8.90785774716075
579,9.168959452809082
580,9.678552702300845
581,10.359089456629961
582,10.645550786001882
583,11.19668576559104
584,12.430482324303899
585,12.502698877469651
586,11.892480508933257
587,11.267282018419856
588,10.8464991834833
589,10.025971244111343
590,9.024838176113022
591,8.7052548162974
592,8.320727234855166
593,8.032908243905746
594,7.92361627459453
595,8.101225122319706
596,8.733920269512026
597,9.697211204650927
598,10.340120610557133
599,10.615149040263512
600,11.015247164017428
601,11.293026476050015
602,11.469389202716597
603,11.196636153025901
604,10.898451527422223
605,10.808095713710186
606,10.56868246460694
607,10.38810464239925
608,10.268499197915812
609,10.004844889046066
610,10.018904772641651
611,9.272810795777088
612,8.913387310206796
613,9.024992596737459
614,8.90655953354947
615,9.157312400984411
616,9.541024575315095
617,9.708179848474586
618,10.260530906274473
619,11.12858867469899
620,11.520747423263527
621,11.648723751322228
622,11.376898920854215
623,11.107099501068523
624,10.323875576365694
625,9.617266358231719
626,9.190703082020319
627,8.980368290098118
628,8.96682860094254
629,8.743959081553186
630,8.318410439831867
631,8.342829181580129
632,8.692392469928869
633,9.278195130662398
634,9.877292495165904
635,10.75403297878806
636,11.457713238844942
637,11.691246920921978
638,11.742872622360835
639,11.450716797852397
640,11.227909865771661
641,10.488220303562992
642,10.02061980843576
643,9.882552769266994
644,9.692804126054313
645,9.376466937156936
646,9.15144573247407
647,8.765122361258369
648,8.815719941116916
649,9.054480744868012
650,9.367627441928942
651,9.764631702250039
652,10.04992885089303
653,10.301314632680691
654,10.84910237395982
655,11.24657699444944
656,11.81410256272141
657,11.908687791520803
658,11.78001976724727
659,11.282037374208143
660,10.43409286931028
661,9.359832276591021
662,8.572922062279645
663,8.407804526469786
664,8.24752504646789
665,8.104020143279111
666,8.302229236104107
667,8.62789463991306
668,8.882782708177722
669,9.221524580382061
670,9.794252275414873
671,10.374168236990354
672,10.953269876951103
673,11.510682757060577
674,12.016848740380974
675,12.156410337423873
676,11.68166439485173
677,11.138331438551976
678,10.768891119447082
679,10.148126434543773
680,9.53956135503453
681,9.134451224256368
682,9.07545992180891
683,8.714755866381056
684,8.389988515175277
685,8.378340950241324
686,8.747583073825759
687,9.330011139849338
688,9.863624259333251
689,10.279967142110086
690,10.555363458578714
691,11.060682733969712
692,11.821406573245236
693,11.713012814215219
694,11.507046732469385
695,11.421677280687504
696,10.71661913305739
697,9.94020244584915
698,9.555580391631896
699,9.306898109464388
700,8.842024590064499
701,8.373804565492954
702,8.349719768983558
703,8.461680841749528
704,8.631688036999497
705,9.16778938935655
706,9.666479459289677
707,10.116214532952853
708,10.781843954016587
709,11.066284374245244
710,11.588701392135782
711,12.007909336406989
712,11.64399340046318
713,11.228991564684378
714,10.557259262043052
715,9.795182752540725
716,9.448160899316859
717,9.032521482680998
718,9.261620009804176
719,9.146917081026919
720,8.613307848017032
721,8.559353325427857
722,8.962570644847462
723,9.585054837703725
724,10.123784616466867
725,10.748224702635763
726,11.263730808696446
727,11.39429958647403
728,11.668562352843447
729,11.666404449004045
730,11.411838504447177
731,11.129294137193215
732,10.11611340661927
733,9.310631696779893
734,8.910685296954814
735,8.741461515126023
736,8.515170352880984
737,8.24420785139033
738,8.275116822266586
739,8.395401458368013
740,8.461502724921928
741,9.048178931066495
742,9.759124063959538
743,10.49517867819658
744,11.285128195916808
745,11.539074624835457
746,11.917187870949851
747,11.981672585084722
748,11.624371117074688
749,11.18964270043597
750,10.1947947430268
751,9.653525226486414
752,9.164317383884299
753,9.057098892631377
754,9.079933324563424
755,8.735773685481597
756,8.528598341017126
757,8.807686355934369
758,9.323520515415074
759,9.761646109212405
760,10.14080807784474
761,10.346464253465138
762,10.892069850315076
763,11.951766858462193
764,12.017251412232916
765,11.58230871700314
766,11.583255188737134
767,11.212108160467515
768,10.353655212500735
769,9.748638600714818
770,9.452882844468292
771,8.891398776896093
772,8.37834637189499
773,8.327356664261297
774,8.243355664004675
775,8.31454111064496
776,8.741805283981403
777,9.206198093551787
778,9.758396551130259
779,10.340515822313119
780,10.804171243533235
781,11.47958607163508
782,11.845410319264003
783,11.661927918456856
784,11.101073567550161
785,10.867462854800525
786,10.384611096753455
787,9.737571082756782
788,9.128713464605855
789,8.721918825362314
790,8.705212482761862
791,8.445971518309282
792,8.302079719151825
793,8.373295478548057
794,8.726851763454338
795,9.497390360966042
796,10.677976467194572
797,11.658631544102763
798,12.263396993571934
799,12.37922856959043
800,12.072443347161293
801,11.93746498742896
802,11.676729368403018
803,11.020536770119131
804,9.984789137849594
805,9.069641886296555
806,8.609981818760042
807,8.342249805936468
808,8.219484911941688
809,8.286499654361098
810,8.51530728404802
811,8.55407121957247
812,8.506268573086308
813,8.779056243964172
814,9.6632870967282
815,10.755976845050663
816,11.303521161203232
817,11.87106005353532
818,12.342721336596952
819,12.138395219010867
820,11.765157454732435
821,10.896795618745783
822,10.161200006991244
823,9.49170724665156
824,8.723991190193493
825,8.598688342747682
826,8.461576309257628
827,8.13702723462038
828,8.44626301948627
829,9.102407964728586
830,10.073583052145025
831,10.573131071207388
832,10.72825788675242
833,11.046409942861159
834,11.330964528720012
835,11.538060847382226
836,11.298415084503215
837,10.999757190561953
838,10.860615805305333
839,10.264277509209117
840,9.682178636573136
841,9.369028417729798
842,9.076397690509461
843,8.671616056445353
844,8.622017000654076
845,8.87466479113054
846,8.973931966655497
847,9.156596617722952
848,9.342589101700499
849,9.594825960845155
850,10.149111023711852
851,10.654423134882435
852,10.79396570544603
853,11.259714224703114
854,11.796927298679236
855,11.735587219960697
856,11.252756017134491
857,10.669452674698583
858,9.954315487831714
859,9.287102392485393
860,8.714933399812379
861,8.579716427194974
862,8.179723539481481
863,7.907890215910664
864,8.598199144596522
865,9.186259018007688
866,9.4742387135116
867,10.0943831312486
868,10.683295434318515
869,11.176101512312469
870,11.800876714336123
871,12.10054090348448
872,12.078169798850588
873,11.908276190883578
874,10.868515294310166
875,10.026966701504389
876,9.515355563776666
877,9.217171889043964
878,8.792503015745856
879,8.399544852092044
880,8.243945788369823
881,8.312127693321534
882,8.404098213585469
883,8.601163038312126
884,9.326257413237771
885,9.929077217658621
886,10.273808740067382
887,10.783126109690958
888,11.646998372207046
889,12.11808712019307
890,11.917948432069624
891,11.398178054830176
892,10.966816744623769
893,10.392347740059376
894,9.68977973950867
895,8.829038006404703
896,8.651276284367329
897,8.776940604615591
898,8.15051398997018
899,8.223494675594063
900,8.745628677549659
901,8.917244738354896
902,9.587502818308872
903,10.377926072417157
904,11.230390699876436
905,12.00015903133963
906,12.355496789585164
907,12.220580530429611
908,11.715321152340808
909,10.725971931174524
910,10.031939806401361
911,9.688177404955933
912,9.446855369663858
913,9.387850401133095
914,8.836542315637079
915,8.417635857195418
916,8.326552168161992
917,8.357019497192363
918,8.649813256551424
919,9.175204339828797
920,9.66595219824469
921,10.153071838142798
922,10.624451427647427
923,10.863689353136433
924,11.371218089834992
925,12.025393151381543
926,12.140287886027929
927,11.45419239690265
928,10.837836881019843
929,10.252672678361265
930,9.336587519079366
931,8.928999583346119
932,8.650899886476063
933,8.011720092374233
934,7.891629441670738
935,8.40965142863931
936,8.942133634657015
937,9.464738870147368
938,10.111138983616344
939,10.669543571285557
940,11.3347583193303
941,11.985680543015745
942,12.076057318505566
943,11.68720518929571
944,11.568056157229496
945,11.074048651347342
946,10.373042809697553
947,9.850114124778672
948,9.24982545039891
949,8.776063158369594
950,8.392059958055741
951,7.992978960058115
952,8.266802962801172
953,8.618351313763455
954,8.949220301732439
955,9.488394006661942
956,10.010068427865054
957,10.436213784798781
958,10.650697158442183
959,10.79714010537621
960,11.499459014620902
961,12.008985522098882
962,11.514051277153085
963,10.988776407517891
964,10.387712315414571
965,9.781052059077561
966,9.255810084115074
967,9.047553523368792
968,8.924221917410154
969,8.370099970821107
970,8.097601934695774
971,8.250216204760088
972,8.623511269603569
973,9.339847491302331
974,10.186614622331634
975,11.159633304802703
976,11.840927954125686
977,12.255885134906539
978,12.192863558156827
979,12.193615112363796
980,12.24686568098533
981,11.620199039837281
982,10.43806492340822
983,9.289370387757735
984,8.757727393519305
985,8.288275474983497
986,7.900488957254628
987,7.748669697124623
988,7.595846876711087
989,7.8029804259520645
990,8.510959991481835
991,9.617123598542566
992,10.6418368020018
993,11.23076147170596
994,11.427457616188738
995,11.707287220505103
996,11.758144850163113
997,11.630890733552748
998,10.76967436273537
999,10.359507829980071
1000,10.231094269382705
1001,10.245257967201589
1002,9.905348175302537
1003,9.504347054262057
1004,8.94690553527191
1005,8.459468956274707
1006,8.337303389717256
1007,8.54031419643512
1008,9.189676614037307
1009,9.76426914617103
1010,10.209274466760984
1011,10.678728210839088
1012,11.261551831460178
1013,12.157266221737256
1014,12.348266251624517
1015,11.87049734022819
1016,11.246536401031584
1017,10.983864740251123
1018,10.072947088357108
1019,9.320825328370885
1020,9.093187074755022
1021,8.602811621619988
1022,8.120537395780357
1023,7.981946689753925
1024,8.127885734175447
1025,8.428457581441698
1026,8.870502102819485
1027,9.232008850946473
1028,9.905738371956023
1029,10.673635597284044
1030,11.080919288283928
1031,11.464733408558114
1032,12.11082268036492
1033,12.195918057840284
1034,11.429094548351172
1035,10.573405461164528
1036,9.820480637158717
1037,9.438601416561413
1038,8.906332650292002
1039,8.526359801565741
1040,8.571165199260186
1041,8.400499462122527
1042,8.34241613666248
1043,8.948923436559548
1044,9.507384930077471
1045,10.015185005422566
1046,10.4681968332002
1047,10.624981710094465
1048,10.997695235329074
1049,11.721379999054845
1050,12.215286916356357
1051,12.185420071727755
1052,11.491910226089967
1053,10.897148316360978
1054,10.218321761842176
1055,9.757858253321684
1056,9.768250963469503
1057,9.409082604839087
1058,9.01942911887752
1059,8.623724404404777
1060,8.214184601646792
1061,7.99290141106447
1062,8.13464320415705
1063,8.650251779963376
1064,9.315895054111596
1065,9.947809184572684
1066,10.461043888936278
1067,11.044044948560913
1068,11.971764843802847
1069,12.29924932052168
1070,12.054275898526875
1071,11.325614517121041
1072,10.539291387180372
1073,9.800896670720386
1074,9.390465626391672
1075,9.031092382645085
1076,8.989192422662915
1077,8.759552961685742
1078,8.537628613139763
1079,8.809446753265698
1080,9.255502850913718
1081,9.435240200783868
1082,9.554296404792959
1083,9.993784142689965
1084,10.561937550173333
1085,10.819677194452808
1086,11.064270567326446
1087,11.20690839927063
1088,11.428168872277293
1089,11.357230756935095
1090,10.560143401839644
1091,9.80861510317056
1092,9.62528703619059
1093,9.62293151558465
1094,9.295560442732755
1095,9.123479031001297
1096,9.02013656031694
1097,8.76468202278922
1098,8.582833862605444
1099,8.644989916663809
1100,9.101904742627616
1101,9.699261567321937
1102,10.276829175223185
1103,10.964523335022596
1104,11.552838254050409
1105,11.959339658109261
1106,11.92766568968398
1107,11.68145045064479
1108,11.212930864902285
1109,10.630251548001933
1110,9.755953199008609
1111,9.525981002481796
1112,9.23164701785819
1113,9.073666235756349
1114,8.881471283479865
1115,8.558245857350592
1116,8.550616812233047
1117,8.848219336870367
1118,9.241612277612038
1119,9.74867681211554
1120,10.456963130830852
1121,10.639986554808765
1122,10.765621119223546
1123,11.723516385209042
1124,12.149001575911187
1125,11.881513925178558
1126,11.051745615780295
1127,9.989875329296485
1128,9.568202523148313
1129,9.518505782652106
1130,9.37374276850973
1131,9.073890650456724
1132,8.891609494141504
1133,8.629361659685252
1134,8.51665176581178
1135,8.653724588367433
1136,8.849334436891164
1137,9.28651523887009
1138,9.817397708737193
1139,10.342871289909311
1140,10.87876737528882
1141,11.051243926259229
1142,11.242708548897491
1143,11.45801042989034
1144,11.31686292035344
1145,10.929591144612516
1146,10.46954117429434
1147,10.083998178804944
1148,9.482766322338437
1149,8.997311963694736
1150,9.146701376466327
1151,8.583065137053685
1152,8.297547736794677
1153,8.52473798107161
1154,9.064552477988817
1155,9.541863590932921
1156,10.045022800514085
1157,10.502759656447688
1158,10.954609718753131
1159,11.6222423078663
1160,12.114295793519737
1161,12.248932951119222
1162,11.675002891253587
1163,10.902327926126649
1164,10.106740820722283
1165,9.63870457953838
1166,9.497418553346781
1167,9.19646261257959
1168,8.716478871436843
1169,8.32823127151607
1170,8.289694882470414
1171,8.48426016094427
1172,8.526425688559943
1173,8.863161891730558
1174,9.519443545173342
1175,10.06166311593583
1176,10.522684030277189
1177,11.082145203972265
1178,11.7516460772962
1179,12.131494290772055
1180,11.771501019910394
1181,11.293148396691077
1182,10.922498008143636
1183,9.874416114295821
1184,9.483567378512028
1185,9.171757943171656
1186,8.888530606426082
1187,8.980329787159466
1188,8.721057725626169
1189,8.514363947693381
1190,8.729519238317723
1191,9.156409543348081
1192,9.830384812164095
1193,10.513808764646361
1194,10.793891714928284
1195,11.110595837246915
1196,11.652456302229286
1197,11.560583403600967
1198,11.505798016552275
1199,11.772221616663435
1200,11.027990434203003
1201,9.895104509322064
1202,9.381172633459206
1203,9.506949034421236
1204,9.165688310158796
1205,8.477353054344979
1206,8.231169955969735
1207,8.275345825618478
1208,8.399237119635753
1209,8.531235702799384
1210,9.083754248488331
1211,9.915870605172652
1212,10.594419436278134
1213,11.174195838855454
1214,11.541494611969268
1215,11.945111711195237
1216,12.20855619961358
1217,11.708456535350697
1218,11.270290569617213
1219,10.025985379101261
1220,9.440189560286075
1221,9.260486057509384
1222,9.41732268511814
1223,9.64103875270328
1224,9.162847503756568
1225,8.494098977520409
1226,8.467086287230913
1227,8.7422225907773
1228,9.088556600107294
1229,9.757699207712207
1230,10.161601179418335
1231,10.619767678647147
1232,11.404689167640987
1233,11.844737101128905
1234,11.462422181997876
1235,11.217042915168122
1236,10.895926295655734
1237,10.365138817134863
1238,9.749596184541014
1239,9.511618854815561
1240,9.325568711770787
1241,8.888750125642964
1242,8.573611452721464
1243,8.59494592609899
1244,8.821218101608757
1245,8.90256754168051
1246,9.038860017058406
1247,9.207862137213215
1248,9.676672504661527
1249,10.319203889951968
1250,10.828314077198973
1251,11.338528762655603
1252,11.868354772672125
1253,11.966807031031584
1254,11.513864786114263
1255,11.090931025853926
1256,10.280618015277941
1257,9.714691508787743
1258,9.353384154749728
1259,8.696591457477398
1260,8.695550695151043
1261,8.832112181639348
1262,8.37805382026574
1263,8.344387374540599
1264,8.782979332715454
1265,9.4776827153627
1266,10.044599207091204
1267,10.464112324837014
1268,10.88353831563567
1269,11.586822072983326
1270,12.082517964758942
1271,11.679830375823736
1272,11.442363367638393
1273,11.29252872347345
1274,10.798061330654441
1275,9.890199784555518
1276,9.314123664771406
1277,9.349698969433833
1278,9.165554591470272
1279,8.498693465935036
1280,8.386225657328323
1281,8.479223261499198
1282,8.596605676423094
1283,8.88421528872058
1284,9.224436921828035
1285,9.459023726652406
1286,9.884796909574284
1287,10.497386534271392
1288,11.15544769329588
1289,11.778069086746287
1290,11.816361128706134
1291,11.365537476602027
1292,11.316813116452355
1293,10.261222816481164
1294,9.528288183277084
1295,9.188563038890091
1296,9.372288048318763
1297,9.421494954745746
1298,8.72201960599541
1299,8.628432396677171
1300,9.016732743801889
1301,9.115294402685203
1302,9.195072476937627
1303,9.90483760531774
1304,10.56016916419401
1305,11.05988614086758
1306,11.96331606735181
1307,12.086614919348483
1308,12.013323934658382
1309,11.59712767501765
1310,10.552709877251884
1311,10.11161643506641
1312,10.127590956657343
1313,9.650390033869073
1314,8.93710518870514
1315,8.376182294174951
1316,8.134904901818999
1317,8.077971357722397
1318,8.160120137955051
1319,8.482967761930935
1320,9.195153815990299
1321,9.90896262894093
1322,10.417140148758541
1323,10.809037552066599
1324,11.356956161799237
1325,12.140125833085266
1326,12.268584690009565
1327,11.770402938209816
1328,11.23710150059729
1329,10.257603282678415
1330,9.633933007302529
1331,9.000997356405309
1332,8.995699089670588
1333,8.783935549091737
1334,8.30042035172852
1335,8.27984785418084
1336,8.5274622993013
1337,8.927599148280184
1338,9.509710050097024
1339,10.158573746327376
1340,10.480793181595622
1341,11.170649789762043
1342,11.932148750067654
1343,11.863261002643444
1344,11.779228990871447
1345,11.635308274827977
1346,10.986053817238748
1347,10.104042194934165
1348,9.679561477039925
1349,9.358321111927244
1350,8.886222980947355
1351,8.381261263766277
1352,8.107635326146474
1353,8.232661501621472
1354,8.596500368379672
1355,8.947689900588426
1356,9.326545663772714
1357,10.072561008428883
1358,10.745470625081888
1359,11.259182081388696
1360,11.703109605438135
1361,12.090472654756958
1362,11.861916977871529
1363,11.420846235857411
1364,10.709062538390308
1365,9.84705852766011
1366,9.182010570307368
1367,8.644463137502528
1368,8.57265226288276
1369,8.490311270471052
1370,8.429914479340136
1371,8.678877112665278
1372,9.075461923959436
1373,9.661188090744714
1374,10.232256696019089
1375,10.65803284065059
1376,11.206020268168457
1377,11.77001272636249
1378,11.917274097685022
1379,11.641898427922373
1380,11.638970317633587
1381,11.373036575539128
1382,10.382309698158954
1383,9.590189554327157
1384,9.338471279077911
1385,9.031305653786648
1386,8.712486188519694
1387,8.4043461186751
1388,8.403249830494502
1389,8.585069630054763
1390,8.666510896755327
1391,8.913074894198694
1392,9.499177040811189
1393,9.8169644383776
1394,9.946422484122587
1395,10.366680570138142
1396,11.29284282746706
1397,11.807003788924154
1398,11.454323914874163
1399,11.13658373570459
1400,11.009617244645005
1401,10.079675262049664
1402,9.646338890475684
1403,9.439899663923978
1404,9.439864969844873
1405,9.079484294560938
1406,8.407567676973619
1407,8.73395504756496
1408,9.164641594419882
1409,9.291736009462888
1410,9.541973177228337
1411,10.45678387476732
1412,10.847314904809377
1413,11.157881425732015
1414,11.794672113150263
1415,11.917840218247518
1416,11.779828573575056
1417,11.385296352764453
1418,10.521360800429221
1419,9.581683593286277
1420,9.279776119125534
1421,9.15873405737628
1422,8.979948989307344
1423,8.657297210287025
1424,8.401226807574888
1425,8.579260423611485
1426,8.871506984662831
1427,9.298526501265119
1428,9.919074917600222
1429,10.369604467432664
1430,10.667619126592157
1431,10.814251842891938
1432,11.201094200665548
1433,11.79560753654678
1434,11.645585650989034
1435,11.46665020641013
1436,10.664478405742605
1437,9.824382601108798
1438,9.43184328112975
1439,9.087442013060015
1440,9.143712421638192
1441,8.720334667324696
1442,8.466219335026238
1443,8.681247121834911
1444,8.860401182998244
1445,9.205068500518747
1446,9.725516160390283
1447,10.22094727996015
1448,10.579064313975874
1449,11.065060980368077
1450,11.666874998617482
1451,11.902344138458608
1452,11.607780219784594
1453,10.85766861079698
1454,10.269624725269452
1455,9.542685074117403
1456,9.295337797035172
1457,9.2209964948749
1458,8.988547137043536
1459,8.664638280173516
1460,8.898254776136747
1461,9.021391780533907
1462,9.126350930194565
1463,9.09932941978846
1464,9.331254987713267
1465,9.845706245443294
1466,10.274043367491885
1467,10.66231553260029
1468,11.225789315734257
1469,11.633965410069253
1470,11.73860503809212
1471,11.334113015746828
1472,10.60261000718096
1473,10.065502837643892
1474,9.714258126955318
1475,9.355356892524147
1476,9.225885416461795
1477,9.384013420533558
1478,9.01747730886549
1479,8.569465629092505
1480,8.676606570900711
1481,9.124642413318616
1482,9.567295627881082
1483,9.877945991729947
1484,10.289958306012668
1485,10.689450802058072
1486,11.435481498112765
1487,11.877090133562632
1488,11.939113736162913
1489,11.627696199223616
1490,11.095139754179998
1491,10.210604647421999
1492,9.400888717192258
1493,9.384005131906614
1494,9.236807010325153
1495,8.673081937049332
1496,8.535133929520311
1497,8.834271047140682
1498,8.981469755864977
1499,9.069684799997207
1500,9.381323608245271
1501,9.846105166579743
1502,10.143653168934135
1503,10.429470107119121
1504,10.644876531119394
1505,11.155058912299943
1506,11.521359151604905
1507,11.231833302091749
1508,10.87958606278367
1509,10.317923971082296
1510,9.759145978215598
1511,9.53497613810319
1512,9.283438239547596
1513,9.205770912379048
1514,9.012891878249947
1515,8.741851115331546
1516,8.767698078882303
1517,8.882546959438272
1518,9.085384093455486
1519,9.52016532866618
1520,10.377649537273665
1521,10.875659045051282
1522,11.469205906814155
1523,12.024817349154416
1524,11.861784579484121
1525,11.798301609122346
1526,11.010072053494504
1527,10.07514461961976
1528,9.5810367013678
1529,9.490788327510193
1530,9.262449041231678
1531,9.228392955264932
1532,9.090505012866448
1533,8.941703220164312
1534,9.185202915098222
1535,9.167124433001234
1536,9.057431850748673
1537,9.73498621041252
1538,10.208404701396631
1539,10.288583827545432
1540,10.654024817724029
1541,11.199993962656123
1542,11.63008759418069
1543,11.4246303871805
1544,11.19587013891575
1545,10.386190591852186
1546,9.567586002375963
1547,9.178962050110368
1548,8.978104332078962
1549,8.9327689162504
1550,9.057370801215463
1551,8.823735198905378
1552,8.749312076610819
1553,9.066131192390863
1554,9.46353516952918
1555,9.873166688710391
1556,10.355479070163259
1557,10.883739552327809
1558,11.26362031135336
1559,11.433845934557569
1560,11.362021162543629
1561,11.605755188347022
1562,11.29122826476533
1563,10.414071485449783
1564,9.995774922599912
1565,9.762328327532304
1566,9.1763162887379
1567,8.69557836572984
1568,8.764578426286413
1569,8.899335788230042
1570,8.761663436281156
1571,8.88847820591859
1572,9.173692314325152
1573,9.550494694593818
1574,10.171319971489734
1575,10.429863654272443
1576,10.91371297514659
1577,11.396765168096053
1578,11.63595459045808
1579,11.262777243251719
1580,10.758405220456343
1581,9.548668019424321
1582,8.868595501952377
1583,9.067865492419036
1584,9.293527526542047
1585,9.6319017382579
1586,9.500538809137467
1587,8.83330619046322
1588,8.726673378789721
1589,9.31322237999878
1590,9.867220309841342
1591,10.128337418040713
1592,10.373894421127885
1593,10.725024354992021
1594,11.14408400620396
1595,11.671036015913081
1596,11.594415611312666
1597,11.73455030320798
1598,11.260490501696257
1599,10.623222459056873
1600,10.136357294418213
1601,9.580573801929608
1602,9.008500457686951
1603,8.659696902914856
1604,8.482634602172528
1605,8.491276836328336
1606,8.600748561468901
1607,8.841859830427776
1608,9.35182994928382
1609,9.48348430922063
1610,9.95799512865202
1611,10.532230837544448
1612,11.118788218455883
1613,11.45946954029171
1614,11.491356009424308
1615,11.345514980330217
1616,11.276931543343927
1617,10.388575137280247
1618,9.50562593110995
1619,9.121537250521895
1620,9.288649206356922
1621,9.156745236244236
1622,8.651235960406062
1623,8.753877109501186
1624,9.151466643380845
1625,9.206139374543243
1626,9.38703661383411
1627,10.052384697480145
1628,10.426022139354261
1629,10.826574816736354
1630,11.430431872889567
1631,11.43901811785082
1632,11.594715011526002
1633,11.036444031924056
1634,10.415697624957167
1635,10.160264416895785
1636,9.95197753218181
1637,9.600883945204732
1638,9.239290810425041
1639,8.776562335869347
1640,8.532022856498847
1641,8.541498471795782
1642,8.389047948273562
1643,8.587269153291494
1644,9.389599780377281
1645,10.096407387436857
1646,10.685981415282349
1647,11.34129279237771
1648,11.849824417177114
1649,12.058307445745223
1650,11.730955220203695
1651,11.151953479676372
1652,10.181832678189496
1653,9.746457389610008
1654,9.290995187148585
1655,8.881310951077857
1656,9.308529342671877
1657,8.862603949546687
1658,8.420537589782503
1659,8.418849105484865
1660,8.966708510862214
1661,9.00372917619027
1662,9.403790207123992
1663,10.307434195212826
1664,10.908197115140826
1665,11.681528821060557
1666,12.50104239953144
1667,12.446695240015561
1668,11.986476539850704
1669,11.779354758483974
1670,11.05665275375757
1671,9.932292636828498
1672,9.30425964259086
1673,8.91192208190638
1674,8.595555341672698
1675,8.205885578118716
1676,7.908508066406315
1677,8.04588559543209
1678,8.45065810233441
1679,9.196954417007019
1680,9.846909092478517
1681,10.535747178497171
1682,11.087306751071916
1683,11.678253327066553
1684,12.38749344608123
1685,12.399139062393317
1686,11.907535244702972
1687,11.177028030692641
1688,10.00933276040034
1689,9.445877626571006
1690,9.153272832190734
1691,9.307227064905554
1692,8.840290388822021
1693,8.06120890186863
1694,7.9972253037285075
1695,8.19588777278551
1696,8.455877129284696
1697,9.203402748501128
1698,9.822142930887496
1699,10.459525286625308
1700,11.174831296238283
1701,12.097472807395805
1702,12.305331176217173
1703,12.090164931566967
1704,11.170684026161844
1705,10.4529993619706
1706,10.372814961869322
1707,10.067827244056298
1708,9.23235781877678
1709,8.613910362032653
1710,8.576311451948321
1711,8.44960004386593
1712,8.1987610238037
1713,8.38810086446461
1714,8.850689076462482
1715,9.175499225410721
1716,9.679977218429105
1717,10.366272927228486
1718,11.106123855184903
1719,11.855381022544146
1720,12.336345314673691
1721,12.274985554424218
1722,11.66845644889737
1723,11.034565791709177
1724,10.311682146039152
1725,9.711649658555109
1726,9.205758589903523
1727,9.012878273220332
1728,8.795874820822275
1729,8.55582743258938
1730,8.589177761105777
1731,8.749352113045958
1732,9.16669775575378
1733,9.580228057129055
1734,9.949326627650771
1735,10.296497524023476
1736,10.99847732944367
1737,11.98686552395502
1738,12.157050624822848
1739,11.764737330218908
1740,11.678010139937117
1741,10.8517757935212
1742,9.798312784930939
1743,9.399617987390393
1744,8.93588855194166
1745,8.52374761427715
1746,8.33504192726528
1747,8.46294434953015
1748,8.58374659189578
1749,8.613305086785603
1750,8.943732427441656
1751,9.493908766731614
1752,10.029345367203765
1753,10.418067274337401
1754,10.777012262053047
1755,11.406214655563618
1756,11.88087413289555
1757,12.078482404178748
1758,11.598962182761317
1759,10.634813295314357
1760,9.895285575255077
1761,9.633962415748366
1762,9.281955926515407
1763,9.032846629079245
1764,9.208183443453837
1765,8.80925329668507
1766,8.472809751754696
1767,8.602397666436561
1768,8.876842315630993
1769,9.354406974481348
1770,9.830845255208292
1771,10.501462157796956
1772,11.150571201264
1773,11.510618897157826
1774,11.781469874039555
1775,11.845109280840054
1776,11.79617116576736
1777,11.12564446627105
1778,10.595835432925677
1779,10.129808271921927
1780,9.693154037041431
1781,9.190521204370128
1782,8.642675360322885
1783,8.364377875488358
1784,8.125553560354728
1785,8.00950611472487
1786,8.214502564025821
1787,8.547951154093703
1788,8.918588572693103
1789,9.699634846005276
1790,10.386009602122773
1791,10.9567766974733
1792,11.627713464973704
1793,12.252970051597808
1794,12.136351230100127
1795,11.47451839767847
1796,11.010700531504511
1797,10.024037883955883
1798,9.400817262254455
1799,9.008859428929453
1800,8.993213693848674
1801,9.426182488276746
1802,9.112543996275893
1803,8.606459086237779
1804,8.709582686913306
1805,8.94924466324889
1806,9.286696346406542
1807,9.916333046250108
1808,10.430147660100427
1809,10.916712301544184
1810,11.740276502899572
1811,11.996659175433138
1812,11.983019416173766
1813,12.182260956725433
1814,11.74352059931843
1815,10.24269135729645
1816,9.500585267813179
1817,9.42352809655451
1818,8.994340913082715
1819,8.526823468664707
1820,8.526300382375668
1821,8.450769317875373
1822,8.373031668374889
1823,8.512375453324864
1824,9.11914638840461
1825,9.69550759890683
1826,10.142611677061803
1827,10.629993707895906
1828,11.083788710032763
1829,11.762014560848097
1830,12.041320525558858
1831,11.833168794038448
1832,11.417194537418233
1833,10.362902853713065
1834,9.644440896061326
1835,9.014513288851795
1836,8.913237442146254
1837,8.816582905462928
1838,8.404240316740754
1839,8.426021838959581
1840,8.653319628450111
1841,8.956886658892184
1842,9.387512996443647
1843,9.952820889933015
1844,10.326140291641543
1845,10.818026876971826
1846,11.53426570991729
1847,11.99954031659686
1848,11.756287171008788
1849,11.692302867179324
1850,11.890730375093543
1851,11.336028258878647
1852,10.391599624530576
1853,9.487667425666306
1854,8.763242213483277
1855,8.28879942530555
1856,7.914728246784556
1857,7.960122635827214
1858,8.184346087572559
1859,8.620554444585883
1860,9.106164463736802
1861,9.615938998594965
1862,10.251844280299341
1863,10.914138762706857
1864,11.749750293761954
1865,12.272138660274255
1866,12.374942538535866
1867,11.98746512545608
1868,11.850721970223526
1869,10.670711978073422
1870,9.724941446992592
1871,9.168945990261449
1872,8.836917147132397
1873,8.874822763637006
1874,8.267381973044227
1875,7.998477585855558
1876,8.241555767536326
1877,8.657317033441494
1878,8.968757830421112
1879,9.717687220133724
1880,10.475633825717019
1881,11.095493491004314
1882,11.87438202170663
1883,12.283832311953022
1884,12.225033733118126
1885,11.961147135240353
1886,10.988201284805449
1887,10.026488723251838
1888,9.949570985177301
1889,9.516703248614341
1890,8.715445026684318
1891,8.139186323986147
1892,7.968019589775671
1893,8.030586315594208
1894,8.058541294754201
1895,8.473996490747263
1896,9.158936020297839
1897,10.057711006718161
1898,10.813823270315275
1899,11.380044830589128
1900,12.032375665317513
1901,12.37520235354994
1902,11.937614920244176
1903,11.155838234818656
1904,10.28545904784936
1905,9.366051620528468
1906,9.280065781364407
1907,9.598372335012524
1908,9.814781256445682
1909,9.506118229905347
1910,8.682588969271151
1911,8.561114083300613
1912,8.7219682419784
1913,9.0339557181428
1914,9.634366310020383
1915,10.495314521606511
1916,10.790506882182484
1917,11.016673394297182
1918,11.616255022003221
1919,11.834558818101875
1920,11.524601146048568
1921,11.210921618605866
1922,10.359092420256331
1923,9.48131351554987
1924,9.585359896044295
1925,9.168953679578859
1926,8.475583581281272
1927,8.162470210990294
1928,8.154113502803346
1929,8.205301844134729
1930,8.493782711739984
1931,8.906788423627953
1932,9.600627153642456
1933,10.36227683049124
1934,10.711387600623878
1935,11.484945828034208
1936,12.331159562345563
1937,12.267965173860503
1938,11.692759579700349
1939,11.310402469689116
1940,10.675125803385365
1941,10.15506416928063
1942,9.619252615831355
1943,9.21358425438515
1944,9.126952922158155
1945,8.467445004985162
1946,8.093539369016566
1947,8.37029516250827
1948,8.761729333813983
1949,9.250989988133849
1950,9.964247899441009
1951,10.626487906378257
1952,11.083914928007928
1953,11.616704978844957
1954,11.93347638762736
1955,11.476513700658836
1956,10.963930422426227
1957,10.665408982778334
1958,10.083239766961064
1959,9.666880165509895
1960,9.610920975471716
1961,9.376604328305213
1962,8.857800367137118
1963,8.36836050271817
1964,8.302378925249105
1965,8.520683652514526
1966,8.709963251967427
1967,9.127318657148257
1968,9.8430849950855
1969,10.729432360141374
1970,11.127029739901362
1971,11.13946907301041
1972,11.647148336714638
1973,11.988326821576814
1974,11.488851829117792
1975,10.994156264436555
1976,10.248107962255027
1977,9.887784438995851
1978,9.335994919794382
1979,8.888988452017193
1980,8.870747164559353
1981,8.467351297367212
1982,8.319576317487703
1983,8.761781184691154
1984,9.465889771680926
1985,10.106646496802231
1986,10.39951977271699
1987,10.687558962395771
1988,11.12197187625868
1989,11.590590550862794
1990,11.629230167280586
1991,11.755647300474827
1992,11.581611795722113
1993,10.838706936863824
1994,9.891949979898733
1995,9.434133650695546
1996,8.986105649223267
1997,8.63650417809389
1998,8.365361169465327
1999,8.426247124426204
2000,8.791598365339205
2001,9.054463398021225
2002,9.22448210505355
2003,9.518981691524504
2004,9.97217957812353
2005,10.316115794729274
2006,10.588223892784937
2007,11.251386645251209
2008,11.746887697022593
2009,11.444420727706449
2010,11.037233165770674
2011,10.767104964769487
2012,9.980724961288665
2013,9.198972232687954
2014,8.683880793806273
2015,8.693345955460767
2016,8.446484386081949
2017,8.322580283179276
2018,8.669526998807033
2019,9.179329762416724
2020,9.700703125913549
2021,10.310239668059173
2022,10.762780148938132
2023,11.357339743367598
2024,11.705582854718545
2025,11.870568293192528
2026,11.900034005088257
2027,12.136308868635126
2028,11.450509462352251
2029,10.257361916272593
2030,9.421854504187303
2031,9.309778027705516
2032,9.11935930192947
2033,8.426389932615807
2034,8.017124937849783
2035,8.007238458123275
2036,7.915903371332097
2037,8.202668707329767
2038,8.862402262091555
2039,9.757937882186543
2040,10.48028399316311
2041,10.82333562648394
2042,11.5999210401569
2043,12.38356527784038
2044,12.226451501906311
2045,11.704479231685825
2046,11.522350821235852
2047,10.306510437194028
2048,9.401016731839013
2049,9.345710487382668
2050,9.14174070905443
2051,9.041060258235136
2052,8.438382690709009
2053,7.974524917496613
2054,8.257127896011527
2055,8.757428870303505
2056,9.346572499260132
2057,9.963909292733753
2058,10.395496357801509
2059,10.818182532512061
2060,11.553864983603253
2061,12.11010105430171
2062,12.119445482115163
2063,12.133894694150372
2064,11.471952961348673
2065,10.488019458157224
2066,9.9259486437927
2067,9.725247192631864
2068,9.051735833909062
2069,8.384277422625779
2070,7.980452628200827
2071,7.820280078639574
2072,7.903480986589736
2073,8.276130517712673
2074,8.956114385066387
2075,9.897359628236787
2076,10.64430107402209
2077,11.455855806882273
2078,12.629632342204745
2079,13.038597540074958
2080,12.252701975146337
2081,11.512079032015045
2082,10.426513323272465
2083,9.030212727564237
2084,8.66631327064039
2085,8.776418942151183
2086,9.287026716134893
2087,9.715948209566127
2088,9.467378449515662
2089,9.160332063525672
2090,9.36788265472229
2091,9.455961884573721
2092,9.498699545005092
2093,9.821338784512964
2094,10.019153789878885
2095,10.305728660984705
2096,10.654228385649526
2097,11.180613000876896
2098,11.47400553727885
2099,11.718418792098788
2100,11.58837341491827
2101,10.275850229631647
2102,9.67408626140741
2103,9.512731249572207
2104,9.03907043753703
2105,8.638417451126129
2106,8.530191954007659
2107,8.41440610844613
2108,8.403166112982216
2109,8.70829834124554
2110,9.157532865610042
2111,9.812529337201426
2112,10.36324866056685
2113,10.910680673945711
2114,11.48480170486718
2115,11.807901158821764
2116,11.692979647581808
2117,11.679483533891451
2118,11.18243413170366
2119,10.092473158949728
2120,9.56885036537997
2121,9.504016088956979
2122,9.659571025067633
2123,9.670420841444088
2124,9.398925476464882
2125,9.017714385234726
2126,9.123301887132879
2127,9.410734670636078
2128,9.721646274916106
2129,10.129814310900983
2130,10.182321772902082
2131,10.1737497083269
2132,10.410432785892137
2133,10.763438627485897
2134,11.003790227404808
2135,10.91988607012353
2136,10.816192000383747
2137,10.53299271322315
2138,9.503140749152871
2139,9.488882885059677
2140,9.844820321112545
2141,10.17530979478356
2142,10.067005513685602
2143,9.646097031311278
2144,9.430399041834455
2145,9.436249189482133
2146,9.410379831532486
2147,9.59754478952421
2148,9.878097630041093
2149,9.670232898322162
2150,9.919586244373301
2151,10.301294473354696
2152,10.183307612325818
2153,9.998077833547178
2154,9.947442267084147
2155,10.142759588018489
2156,10.292709030613004
2157,9.697404658763247
2158,9.435313519528568
2159,9.506569828260018
2160,9.715924084135022
2161,9.868408014923665
2162,9.989090852563319
2163,10.065252487577247
2164,10.061655425080959
2165,9.957374700702648
2166,10.064711439033333
2167,10.043141304580253
2168,9.857618256688342
2169,9.899454119876953
2170,10.028780632985393
2171,10.10953385939991
2172,9.98889606733258
2173,9.908933908979133
2174,9.861645303328123
2175,9.983615769141037
2176,10.155239412313543
2177,10.083642387868535
2178,9.89188293704131
2179,9.817456776973732
2180,9.97093437799028
2181,10.03916416282014
2182,9.948894438370964
2183,10.010778466171512
2184,9.962288581359267
2185,9.960407255456502
2186,10.110939481217
2187,10.084842072424237
2188,9.958350846893222
2189,9.86360295822976
2190,9.877025880473472
2191,9.821689377011943
2192,9.891446899310042
2193,10.064457714758424
2194,9.94157391923935
2195,9.850874033518954
2196,9.891414294394481
2197,9.87514569493557
2198,9.968961196012108
2199,9.950815943895133
2200,9.91071839624449
2201,9.907618603430787
2202,9.958841865341666
2203,10.0798816299287
2204,10.007613013741455
2205,9.953697502701798
2206,9.997789178870377
2207,9.976524424052691
2208,9.915337933775037
2209,9.94151941841129
2210,9.880507274056301
2211,9.714543194623067
2212,9.902131107125689
2213,10.10651759301173
2214,10.003894283475386
2215,9.91557217460697
2216,10.061544306907859
2217,10.04745637570036
2218,9.95763263698235
2219,9.953386856921647
2220,9.864550695863068
2221,9.798928531418381
2222,9.932925777129455
2223,9.91331720274851
2224,9.829355071472664
2225,9.897500347510414
2226,9.9951282786711
2227,9.993367880518617
2228,9.957102806305217
2229,9.975730621349499
2230,10.03967428253424
2231,10.067562419856769
2232,9.959929371734248
2233,9.993142949450398
2234,10.123280266586395
2235,9.997120577234757
2236,9.843887361680252
2237,9.821136567193683
2238,9.769375198238597
2239,9.82830028571298
2240,9.969890772145316
2241,9.931890854328929
2242,9.86758499660543
2243,9.899643014909543
2244,9.989486067372589
2245,10.046899607732005
2246,9.980196140607699
2247,9.922417022037349
2248,9.982355814865551
2249,9.964126711666886
2250,9.896277759632301
2251,9.927858867920207
2252,10.007535265929087
2253,9.963159727529508
2254,9.934522023119918
2255,10.01014531705922
2256,9.978826668150534
2257,9.95842061231221
2258,9.916945302798384
2259,9.92809727480728
2260,10.034036387720139
2261,9.951833252152165
2262,9.885652902286772
2263,9.92850976387137
2264,10.009206137722034
2265,10.034840397209225
2266,9.997282680068993
2267,9.899850834484194
2268,9.919362949502426
2269,9.984180646138757
2270,9.820143820492074
2271,9.78797598419343
2272,9.852523955718517
2273,9.971781074772466
2274,10.004455015926787
2275,9.901212290158295
2276,9.945660511234678
2277,10.070386902583659
2278,10.076214310518518
2279,10.03643593907754
2280,9.841402699108471
2281,9.739832145526911
2282,9.902097158820427
2283,9.881065492550569
2284,9.800651266708865
2285,9.907224750269602
2286,10.120362213618396
2287,10.05735601129451
2288,10.01667607092197
2289,10.009789264869474
2290,9.890621718598469
2291,9.856518964800387
2292,9.941681999670362
2293,9.954193744547496
